step,prediction,loss,z1,z2
0,5.5,2.25,2.5,-0.5
1,3.7329999999999997,0.07128900000000019,1.7799999999999998,-0.5
2,3.9990859568992008,8.354747901186775e-07,1.8985480000000003,-0.5
3,4.000020637710276,4.259150854290236e-10,1.8989580054547464,-0.5
4,3.999999532118312,2.1891327402177236e-13,1.8989487478081013,-0.5
5,4.00000001060646,1.1249698759079898e-16,1.8989489576898975,-0.5
6,3.9999999997595617,5.781059337411738e-20,1.898948952932065,-0.5
7,4.00000000000545,2.9701004356580084e-23,1.8989489530399204,-0.5
8,3.9999999999998765,1.524158154977517e-26,1.8989489530374757,-0.5
9,4.000000000000003,7.099748146989106e-30,1.8989489530375308,-0.5
10,3.9999999999999996,1.9721522630525295e-31,1.8989489530375296,-0.5
11,4.000000000000001,7.888609052210118e-31,1.89894895303753,-0.5
12,3.999999999999999,7.888609052210118e-31,1.8989489530375294,-0.5
13,4.000000000000001,7.888609052210118e-31,1.89894895303753,-0.5
14,3.999999999999999,7.888609052210118e-31,1.8989489530375294,-0.5
15,4.000000000000001,7.888609052210118e-31,1.89894895303753,-0.5
16,3.999999999999999,7.888609052210118e-31,1.8989489530375294,-0.5
17,4.000000000000001,7.888609052210118e-31,1.89894895303753,-0.5
18,3.999999999999999,7.888609052210118e-31,1.8989489530375294,-0.5
19,4.000000000000001,7.888609052210118e-31,1.89894895303753,-0.5
20,3.999999999999999,7.888609052210118e-31,1.8989489530375294,-0.5
