prompt,step,prefix_before,input_tokens,selected_token,probability
小猫,1,小猫,3,吃,0.49954909086227417
小猫,2,小猫吃,4,鱼,0.9978851675987244
小猫,3,小猫吃鱼,5,。,0.9992145299911499
小猫,4,小猫吃鱼。,6,<EOS>,0.9991637468338013
今天,1,今天,3,晴,0.4994705021381378
今天,2,今天晴,4,天,0.9985413551330566
今天,3,今天晴天,5,。,0.9990257024765015
今天,4,今天晴天。,6,<EOS>,0.9990125894546509
我,1,我,2,做,0.24974508583545685
我,2,我做,3,练,0.998537540435791
我,3,我做练,4,习,0.9982532858848572
我,4,我做练习,5,。,0.9995338916778564
我,5,我做练习。,6,<EOS>,0.9991145730018616
