step,train_loss
0,3.7341673374176025
10,1.9970686435699463
20,1.0615195035934448
30,0.6257773041725159
40,0.4907569885253906
50,0.44876304268836975
60,0.43584904074668884
70,0.43077677488327026
80,0.4282749891281128
90,0.4268031120300293
100,0.4258120656013489
110,0.42507675290107727
120,0.42449650168418884
130,0.42402151226997375
140,0.4236239492893219
150,0.42328575253486633
160,0.4229947030544281
170,0.42274197936058044
180,0.4225209057331085
190,0.42232653498649597
200,0.4221544861793518
210,0.42200136184692383
220,0.42186447978019714
230,0.42174163460731506
240,0.421630859375
250,0.4215305745601654
260,0.4214394688606262
270,0.4213564693927765
280,0.4212806224822998
290,0.4212110936641693
300,0.42114707827568054
