source_index,split,label
421,train,5
825,train,0
885,train,5
182,train,7
151,train,1
313,train,2
203,train,9
1488,train,9
437,train,2
646,train,0
18,train,8
1295,train,8
1073,train,7
19,train,9
827,train,2
271,train,5
923,train,8
361,train,9
806,train,0
912,train,7
162,train,5
1458,train,7
1471,train,1
317,train,7
1732,train,6
319,train,3
70,train,1
981,train,0
1334,train,1
365,train,5
1491,train,8
1197,train,8
750,train,6
1667,train,0
537,train,1
316,train,3
1479,train,4
367,train,4
458,train,0
969,train,6
40,train,8
16,train,6
1705,train,8
644,train,9
1323,train,0
1227,train,1
1025,train,0
1634,train,1
347,train,3
895,train,9
791,train,5
143,train,3
1784,train,5
1009,train,7
924,train,9
474,train,6
742,train,8
1649,train,7
1107,train,1
896,train,5
1343,train,1
619,train,3
1027,train,9
967,train,6
1594,train,2
1253,train,8
318,train,3
874,train,3
115,train,2
741,train,6
1225,train,4
1221,train,4
465,train,0
799,train,3
1281,train,4
1591,train,0
1050,train,1
546,train,0
1543,train,9
62,train,3
76,train,8
1134,train,1
1595,train,7
1220,train,3
1257,train,4
1387,train,4
227,train,1
587,train,5
700,train,2
377,train,4
1384,train,4
752,train,6
332,train,8
1231,train,5
1747,train,1
1380,train,1
932,train,7
887,train,4
909,train,4
1495,train,1
200,train,1
106,train,6
1335,train,0
1694,train,7
71,train,5
1472,train,2
443,train,2
1549,train,4
1184,train,7
860,train,2
1102,train,2
179,train,0
877,train,0
579,train,3
149,train,9
479,train,1
922,train,7
1234,train,2
1278,train,4
509,train,8
1068,train,9
722,train,8
1726,train,3
518,train,2
249,train,8
1209,train,7
180,train,2
1048,train,9
761,train,2
1318,train,9
1654,train,2
45,train,3
1580,train,9
1138,train,4
733,train,4
943,train,8
1523,train,7
1662,train,9
1467,train,7
1661,train,4
165,train,5
666,train,0
224,train,8
1195,train,8
173,train,7
53,train,8
382,train,0
726,train,1
1676,train,9
159,train,9
609,train,1
549,train,5
1291,train,4
1161,train,4
1425,train,0
1432,train,7
1267,train,4
1629,train,6
1141,train,8
435,train,0
1374,train,4
1026,train,8
1400,train,2
626,train,4
335,train,0
1208,train,2
1045,train,6
706,train,3
1182,train,5
1148,train,4
1547,train,2
204,train,5
1473,train,6
233,train,9
652,train,6
1069,train,8
1652,train,4
1464,train,0
753,train,1
504,train,7
1287,train,0
836,train,3
1152,train,9
980,train,0
656,train,0
1628,train,4
1504,train,3
847,train,5
1260,train,3
1247,train,1
90,train,1
988,train,4
1749,train,6
1757,train,1
990,train,3
30,train,0
324,train,4
1718,train,2
1122,train,6
1147,train,5
266,train,0
272,train,6
918,train,3
1232,train,2
865,train,3
1199,train,1
986,train,2
1040,train,1
452,train,6
1442,train,7
248,train,8
1116,train,3
950,train,3
1474,train,3
124,train,4
1544,train,8
1778,train,4
1551,train,6
532,train,6
1576,train,5
102,train,5
1033,train,4
476,train,1
535,train,9
688,train,1
424,train,8
415,train,9
1394,train,1
138,train,8
1454,train,9
1527,train,7
184,train,2
252,train,0
42,train,1
569,train,8
777,train,1
707,train,7
341,train,1
1187,train,0
258,train,2
215,train,1
1716,train,0
867,train,3
1655,train,2
154,train,4
702,train,1
1117,train,1
98,train,3
156,train,6
429,train,7
1451,train,0
56,train,1
576,train,3
1241,train,2
97,train,4
807,train,9
539,train,3
15,train,5
1157,train,0
545,train,9
466,train,1
254,train,9
181,train,2
776,train,0
879,train,3
1558,train,3
1737,train,1
1727,train,3
450,train,4
1115,train,6
593,train,2
657,train,1
818,train,1
1545,train,0
970,train,4
26,train,6
1613,train,1
388,train,2
583,train,6
575,train,3
406,train,0
1413,train,0
1421,train,6
1194,train,9
790,train,4
439,train,8
213,train,3
624,train,7
1475,train,3
820,train,7
1020,train,9
723,train,2
171,train,4
323,train,6
327,train,5
259,train,3
59,train,3
1610,train,6
869,train,1
47,train,1
152,train,2
525,train,9
1701,train,6
1355,train,4
894,train,7
1428,train,3
1647,train,6
703,train,2
144,train,4
312,train,1
1604,train,7
1144,train,5
1185,train,8
945,train,8
709,train,3
1,train,1
871,train,6
1150,train,8
1407,train,5
1282,train,9
1772,train,9
150,train,0
1032,train,3
1028,train,8
1693,train,6
446,train,3
1668,train,1
811,train,5
1482,train,6
1289,train,2
802,train,6
1178,train,1
876,train,4
50,train,2
457,train,5
379,train,8
512,train,0
1056,train,7
1584,train,4
982,train,1
189,train,3
582,train,6
1403,train,2
1239,train,6
430,train,7
745,train,1
135,train,5
929,train,4
660,train,4
729,train,3
1598,train,0
534,train,8
495,train,5
1417,train,2
661,train,5
295,train,9
93,train,1
906,train,1
167,train,9
558,train,1
839,train,3
1366,train,0
693,train,1
1582,train,9
1755,train,6
1174,train,7
232,train,6
1511,train,8
636,train,5
773,train,8
1349,train,3
196,train,6
953,train,2
178,train,0
984,train,6
222,train,7
1766,train,1
1018,train,5
976,train,5
174,train,7
631,train,2
1575,train,5
490,train,6
621,train,9
1277,train,5
1119,train,9
80,train,1
1341,train,2
556,train,8
1082,train,0
508,train,8
339,train,3
1406,train,9
805,train,9
951,train,5
1697,train,0
605,train,3
1351,train,4
1076,train,1
1173,train,6
1569,train,6
1729,train,3
974,train,0
1371,train,2
1689,train,2
118,train,7
157,train,7
1508,train,1
796,train,0
1787,train,5
1556,train,1
522,train,6
274,train,8
1261,train,6
650,train,4
1269,train,7
1262,train,9
870,train,7
747,train,0
385,train,3
853,train,2
960,train,6
577,train,7
800,train,4
1746,train,0
910,train,5
387,train,1
1385,train,3
1560,train,5
1539,train,4
620,train,6
375,train,9
1476,train,7
1037,train,8
1715,train,0
364,train,7
0,train,0
611,train,6
114,train,8
307,train,2
765,train,9
578,train,3
1132,train,9
789,train,3
692,train,5
1581,train,8
1711,train,7
1207,train,2
738,train,9
775,train,8
1006,train,9
1142,train,2
1669,train,2
1080,train,8
1012,train,4
131,train,1
261,train,5
915,train,0
101,train,0
1359,train,0
68,train,4
589,train,9
1434,train,9
17,train,7
701,train,0
1360,train,9
1721,train,2
612,train,8
1313,train,6
353,train,4
1237,train,1
445,train,3
911,train,6
1086,train,3
1696,train,9
1301,train,4
349,train,1
297,train,4
238,train,4
897,train,4
328,train,0
426,train,8
282,train,6
1680,train,3
1744,train,2
1168,train,1
234,train,6
411,train,5
1552,train,7
84,train,2
1631,train,1
1519,train,6
642,train,0
594,train,0
1204,train,1
1054,train,5
1534,train,9
1172,train,5
746,train,4
100,train,4
298,train,1
998,train,4
1218,train,7
389,train,3
117,train,5
1624,train,3
675,train,9
331,train,2
503,train,5
936,train,9
193,train,3
1478,train,3
1367,train,1
940,train,5
338,train,6
1538,train,8
401,train,5
1347,train,3
1653,train,7
277,train,1
553,train,9
119,train,9
1327,train,8
1016,train,2
300,train,7
305,train,0
1470,train,0
1490,train,2
380,train,4
1017,train,2
1501,train,7
108,train,7
719,train,9
245,train,5
531,train,5
1521,train,6
130,train,0
725,train,0
817,train,4
79,train,0
480,train,7
902,train,0
880,train,6
1279,train,8
600,train,2
866,train,1
526,train,0
816,train,8
1730,train,3
1529,train,8
393,train,7
1719,train,7
345,train,3
690,train,7
710,train,4
1154,train,8
1217,train,3
834,train,6
34,train,6
1431,train,6
649,train,3
1283,train,0
311,train,0
568,train,7
1254,train,4
721,train,2
1608,train,6
1043,train,4
112,train,7
739,train,1
1023,train,4
1268,train,4
837,train,7
699,train,8
1512,train,4
763,train,5
82,train,6
904,train,9
320,train,4
863,train,4
625,train,5
256,train,0
994,train,1
304,train,0
442,train,1
1368,train,7
1632,train,3
1030,train,1
1057,train,8
1290,train,3
400,train,4
288,train,5
195,train,6
824,train,0
281,train,5
1728,train,7
49,train,0
640,train,4
1193,train,0
1492,train,2
1118,train,3
502,train,2
815,train,9
731,train,1
88,train,6
1418,train,3
1111,train,2
225,train,4
716,train,1
251,train,9
602,train,7
1064,train,5
237,train,5
1415,train,0
128,train,9
671,train,5
337,train,7
183,train,8
785,train,9
749,train,3
460,train,5
987,train,1
809,train,5
941,train,0
1305,train,8
1686,train,9
1738,train,5
37,train,9
1251,train,7
1285,train,9
826,train,2
72,train,0
1186,train,9
177,train,1
1293,train,6
958,train,1
1031,train,2
718,train,0
1235,train,0
306,train,2
78,train,0
630,train,8
1706,train,9
1775,train,7
1542,train,8
461,train,2
916,train,1
1255,train,3
552,train,0
396,train,0
344,train,6
949,train,7
1525,train,4
1460,train,3
972,train,1
1443,train,8
1044,train,5
1135,train,7
1240,train,3
1509,train,7
1180,train,3
1616,train,9
736,train,1
673,train,7
33,train,5
1329,train,1
1640,train,1
1377,train,1
792,train,6
1483,train,4
686,train,8
1741,train,5
1684,train,7
767,train,4
417,train,9
1061,train,5
462,train,8
715,train,9
346,train,1
1389,train,5
126,train,0
1013,train,7
397,train,1
1346,train,3
1424,train,9
595,train,0
1767,train,4
1228,train,5
890,train,8
1564,train,1
1051,train,2
247,train,4
491,train,9
920,train,5
404,train,8
1190,train,5
1724,train,2
1250,train,1
60,train,3
354,train,3
1308,train,1
755,train,5
438,train,7
1179,train,2
954,train,7
488,train,5
762,train,2
607,train,3
497,train,4
250,train,4
197,train,6
833,train,2
1230,train,9
1414,train,8
653,train,7
206,train,8
1083,train,1
1456,train,4
1331,train,7
136,train,6
542,train,6
672,train,6
782,train,6
1309,train,2
783,train,7
601,train,1
369,train,2
1462,train,1
892,train,2
1526,train,4
793,train,7
571,train,0
408,train,2
431,train,3
1597,train,2
544,train,8
1146,train,9
409,train,3
219,train,3
1602,train,3
1770,train,3
985,train,3
889,train,2
172,train,1
810,train,6
1286,train,8
473,train,4
1505,train,1
372,train,2
720,train,5
1774,train,1
1485,train,1
1583,train,8
291,train,5
1586,train,7
373,train,5
1273,train,2
1350,train,3
1108,train,7
696,train,2
1133,train,6
1568,train,5
469,train,3
590,train,5
229,train,0
459,train,9
29,train,9
829,train,8
1143,train,2
1533,train,7
1263,train,6
1486,train,5
392,train,6
1714,train,1
467,train,7
81,train,7
1034,train,5
96,train,8
1126,train,1
1436,train,1
330,train,5
543,train,7
386,train,0
957,train,0
1690,train,3
1630,train,3
1601,train,6
1156,train,8
803,train,7
956,train,2
1615,train,0
1153,train,0
267,train,1
1365,train,0
14,train,4
664,train,8
1550,train,5
674,train,8
643,train,8
1524,train,5
514,train,9
681,train,5
1192,train,5
647,train,1
1243,train,7
523,train,7
1375,train,6
1311,train,4
279,train,3
1513,train,3
1314,train,7
1274,train,5
655,train,9
293,train,9
1645,train,6
1635,train,7
414,train,8
1537,train,8
1364,train,2
1710,train,7
744,train,3
1332,train,3
322,train,6
374,train,7
1007,train,6
436,train,2
1452,train,9
1320,train,5
908,train,3
1674,train,7
1386,train,1
1106,train,0
208,train,0
1169,train,2
678,train,5
477,train,3
1121,train,7
1761,train,7
1567,train,4
1075,train,5
85,train,1
842,train,6
1010,train,5
893,train,5
1214,train,2
1298,train,1
1110,train,3
637,train,4
454,train,4
1396,train,5
913,train,8
645,train,8
1265,train,7
428,train,1
1588,train,3
1733,train,6
472,train,7
1300,train,3
110,train,4
1681,train,4
1720,train,8
1463,train,0
351,train,6
105,train,9
927,train,2
334,train,0
1658,train,9
104,train,6
947,train,1
1129,train,5
244,train,2
730,train,2
732,train,7
1136,train,5
1670,train,3
613,train,4
506,train,5
407,train,1
1515,train,4
822,train,5
214,train,2
1297,train,0
1060,train,9
1353,train,6
413,train,7
846,train,1
505,train,9
1299,train,2
1381,train,7
848,train,0
694,train,0
992,train,3
13,train,3
588,train,0
94,train,7
1070,train,4
521,train,5
658,train,2
1611,train,4
1423,train,8
1302,train,5
1352,train,6
948,train,7
147,train,7
1518,train,3
242,train,8
1099,train,0
1561,train,6
596,train,1
294,train,8
1517,train,5
270,train,4
1081,train,2
91,train,3
1113,train,7
714,train,4
975,train,9
1447,train,5
1130,train,3
939,train,6
209,train,0
914,train,9
441,train,0
1622,train,7
1085,train,6
572,train,1
687,train,4
1128,train,0
864,train,6
794,train,8
463,train,2
1712,train,3
1065,train,0
1181,train,4
1563,train,0
1623,train,6
662,train,6
560,train,7
451,train,6
1548,train,3
628,train,7
1760,train,1
841,train,6
1325,train,8
422,train,0
145,train,5
1650,train,5
786,train,0
235,train,1
1469,train,2
1280,train,8
1546,train,1
1789,train,8
192,train,3
563,train,1
1617,train,5
1420,train,5
456,train,1
1441,train,6
67,train,6
1786,train,9
211,train,7
1164,train,7
670,train,4
1337,train,2
1149,train,8
494,train,7
868,train,9
314,train,6
1155,train,9
230,train,5
769,train,8
1620,train,0
89,train,3
61,train,7
1590,train,1
615,train,1
1266,train,5
1742,train,2
1607,train,4
1419,train,4
831,train,0
963,train,7
1416,train,1
255,train,8
253,train,8
186,train,1
1745,train,0
371,train,2
638,train,8
1015,train,8
1303,train,6
764,train,7
1348,train,7
303,train,1
740,train,7
1644,train,3
336,train,1
198,train,4
814,train,8
580,train,4
433,train,1
74,train,5
1589,train,5
708,train,3
663,train,7
1578,train,5
1410,train,8
52,train,7
333,train,2
1038,train,9
849,train,9
1614,train,5
168,train,8
1397,train,4
1603,train,3
1532,train,5
483,train,4
978,train,8
418,train,5
1160,train,3
1052,train,3
423,train,9
1769,train,5
1405,train,7
1021,train,5
961,train,3
169,train,9
1751,train,2
689,train,7
221,train,1
1625,train,2
1453,train,8
1226,train,9
1095,train,4
268,train,2
326,train,1
478,train,9
712,train,6
1671,train,4
997,train,8
1223,train,6
1236,train,0
886,train,4
8,train,8
529,train,3
194,train,4
845,train,9
370,train,8
1753,train,7
1759,train,9
1248,train,3
384,train,9
1206,train,0
788,train,2
1011,train,4
7,train,7
155,train,5
1782,train,2
1555,train,0
285,train,9
275,train,9
1487,train,0
1430,train,5
1723,train,1
141,train,1
1084,train,2
1409,train,8
1058,train,9
903,train,8
614,train,3
1053,train,4
1570,train,7
54,train,2
260,train,4
36,train,0
1306,train,9
309,train,8
447,train,7
550,train,6
87,train,4
1665,train,9
691,train,3
440,train,2
756,train,4
1683,train,6
325,train,9
1612,train,9
218,train,1
46,train,5
1224,train,6
962,train,3
1042,train,3
627,train,4
1196,train,9
1398,train,4
164,train,6
538,train,2
1024,train,9
1276,train,9
1638,train,4
134,train,4
1001,train,4
475,train,3
771,train,9
1691,train,4
92,train,9
66,train,6
1577,train,6
107,train,1
633,train,5
350,train,7
23,train,3
64,train,4
20,train,0
5,train,5
1238,train,7
757,train,4
1096,train,9
1091,train,4
1124,train,4
1565,train,2
1510,train,6
1541,train,0
1170,train,3
1779,train,7
973,train,5
1109,train,6
1468,train,8
1596,train,8
705,train,3
405,train,9
1167,train,0
574,train,6
1041,train,2
73,train,9
1740,train,9
604,train,6
1520,train,9
9,train,9
1315,train,8
1395,train,7
12,train,2
1388,train,0
496,train,4
383,train,8
774,train,9
1754,train,4
1687,train,0
264,train,8
808,train,5
1455,train,8
959,train,2
1480,train,6
1005,train,6
1702,train,5
1310,train,3
166,train,0
1259,train,5
798,train,2
1059,train,0
840,train,4
850,train,5
77,train,2
758,train,7
1646,train,9
1600,train,2
500,train,8
616,train,4
1618,train,2
455,train,9
1316,train,9
1675,train,8
1572,train,9
1140,train,2
153,train,3
1104,train,2
1245,train,6
935,train,0
1361,train,5
481,train,6
1402,train,2
515,train,8
416,train,0
228,train,4
1401,train,8
280,train,4
1756,train,3
1358,train,5
778,train,2
434,train,0
727,train,7
1497,train,6
858,train,6
1203,train,5
1503,train,6
1092,train,6
1540,train,9
1494,train,0
132,train,2
1404,train,5
1356,train,9
410,train,4
1659,train,5
1636,train,6
1071,train,1
520,train,4
828,train,7
610,train,7
1643,train,5
1765,train,3
766,train,5
25,train,5
1163,train,6
2,train,2
676,train,0
63,train,3
634,train,7
39,train,9
1498,train,3
378,train,8
1198,train,4
1735,train,4
1776,train,5
1502,train,4
1046,train,7
1383,train,8
1202,train,3
1660,train,4
1093,train,6
1272,train,2
888,train,7
1422,train,7
348,train,9
899,train,8
1448,train,5
1450,train,5
1717,train,2
444,train,6
946,train,4
432,train,5
573,train,2
942,train,9
1793,train,0
768,train,8
1067,train,8
273,train,7
205,train,2
1363,train,8
1685,train,8
1029,train,0
1605,train,3
1408,train,4
1339,train,7
55,train,0
1294,train,7
1066,train,9
968,train,6
551,train,5
113,train,2
207,train,2
1120,train,1
635,train,9
1664,train,8
51,train,2
659,train,3
872,train,8
513,train,8
1785,train,7
1175,train,8
210,train,1
772,train,0
1637,train,8
787,train,1
1764,train,4
875,train,1
1606,train,3
683,train,9
1571,train,8
770,train,4
581,train,6
1165,train,8
665,train,9
901,train,9
231,train,3
257,train,1
1496,train,7
48,train,0
1019,train,7
163,train,5
1372,train,1
498,train,7
1219,train,3
843,train,6
1166,train,9
425,train,9
524,train,8
1559,train,4
883,train,1
1557,train,2
623,train,1
784,train,8
1429,train,4
263,train,7
1072,train,7
1771,train,6
1378,train,3
57,train,2
779,train,3
212,train,6
881,train,9
1592,train,0
123,train,8
1444,train,9
120,train,5
900,train,4
1008,train,1
1151,train,4
1330,train,7
355,train,1
1734,train,6
830,train,2
1750,train,3
926,train,1
898,train,8
592,train,8
1722,train,0
682,train,0
58,train,6
127,train,8
1003,train,5
1105,train,0
1296,train,9
832,train,1
133,train,3
1326,train,9
759,train,2
1466,train,2
315,train,3
1131,train,6
717,train,5
1338,train,2
278,train,2
160,train,0
668,train,2
1506,train,3
188,train,6
1698,train,9
928,train,3
1440,train,5
1258,train,0
376,train,5
65,train,6
931,train,6
1435,train,0
737,train,3
905,train,8
760,train,8
366,train,4
1796,train,8
823,train,1
934,train,9
243,train,2
728,train,6
22,train,2
111,train,4
1713,train,5
308,train,7
1763,train,8
1783,train,2
603,train,4
1183,train,6
856,train,1
1393,train,6
3,train,3
878,train,5
999,train,3
938,train,5
891,train,2
1205,train,0
1449,train,6
1097,train,1
176,train,5
1795,train,9
420,train,6
241,train,2
804,train,8
1336,train,0
859,train,3
286,train,0
801,train,5
1609,train,6
27,train,7
146,train,6
1344,train,2
199,train,9
519,train,3
427,train,4
622,train,6
566,train,2
1426,train,1
1641,train,4
398,train,2
557,train,4
971,train,9
548,train,5
296,train,8
1677,train,0
1123,train,8
1633,train,9
1369,train,6
276,train,0
884,train,7
283,train,7
711,train,6
262,train,6
812,train,0
1215,train,6
109,train,5
342,train,7
448,train,3
1481,train,6
1211,train,2
292,train,0
547,train,9
555,train,9
704,train,6
1709,train,1
395,train,9
449,train,3
1229,train,0
917,train,2
471,train,1
1445,train,0
1412,train,9
559,train,7
813,train,9
618,test,5
1427,test,2
158,test,8
1256,test,1
1079,test,7
648,test,2
1773,test,6
1531,test,2
1063,test,6
781,test,5
695,test,0
1682,test,5
1554,test,9
1390,test,3
966,test,4
121,test,4
1014,test,2
1651,test,4
751,test,9
161,test,9
360,test,6
103,test,3
482,test,8
861,test,1
142,test,2
1672,test,5
412,test,6
536,test,0
965,test,3
584,test,4
1354,test,6
597,test,7
116,test,2
1382,test,6
680,test,6
598,test,6
492,test,6
1292,test,5
724,test,0
1379,test,9
1752,test,1
240,test,7
31,test,9
1055,test,6
391,test,5
43,test,7
1699,test,5
501,test,2
533,test,7
1062,test,5
1579,test,0
1553,test,8
1535,test,5
651,test,5
1438,test,3
629,test,2
4,test,4
1739,test,0
1516,test,0
1593,test,2
137,test,7
562,test,5
1762,test,6
1599,test,1
1125,test,3
44,test,7
1725,test,6
930,test,5
1399,test,7
565,test,0
1446,test,9
185,test,0
190,test,3
933,test,8
632,test,2
289,test,5
1666,test,8
1528,test,2
1566,test,3
679,test,5
677,test,9
821,test,3
310,test,2
1145,test,7
1249,test,9
1673,test,6
170,test,8
1288,test,1
1177,test,0
363,test,1
470,test,2
1188,test,9
390,test,4
69,test,9
517,test,1
499,test,2
1373,test,7
1284,test,8
873,test,4
977,test,2
989,test,6
1100,test,9
669,test,3
698,test,7
359,test,3
1507,test,9
223,test,6
1522,test,1
485,test,1
1307,test,0
381,test,9
1270,test,2
1585,test,1
713,test,6
1370,test,3
1022,test,4
852,test,8
819,test,7
952,test,1
564,test,0
1642,test,0
24,test,4
1035,test,6
1489,test,5
639,test,8
1465,test,2
1619,test,8
129,test,8
599,test,3
1077,test,0
1768,test,0
1743,test,8
1345,test,6
1536,test,4
1004,test,3
1176,test,9
735,test,3
1376,test,3
835,test,3
964,test,3
1573,test,0
1657,test,7
1049,test,0
925,test,0
1688,test,1
1562,test,9
1162,test,5
1707,test,8
1000,test,1
358,test,5
1002,test,0
1391,test,6
996,test,6
882,test,6
1222,test,6
493,test,1
191,test,7
995,test,7
468,test,6
1088,test,7
1275,test,7
1781,test,8
1036,test,7
1090,test,3
921,test,6
419,test,5
641,test,9
1493,test,0
489,test,3
1695,test,8
202,test,0
1484,test,9
122,test,8
667,test,1
993,test,9
201,test,5
1704,test,9
748,test,5
1233,test,8
585,test,9
220,test,9
857,test,7
125,test,9
21,test,1
1392,test,9
1098,test,5
356,test,4
216,test,7
1089,test,3
1663,test,0
530,test,4
287,test,9
1748,test,7
1304,test,7
1312,test,5
95,test,6
1700,test,5
28,test,8
217,test,3
1788,test,4
1319,test,5
1791,test,4
795,test,9
591,test,2
246,test,5
1189,test,5
75,test,2
1648,test,1
399,test,3
394,test,8
654,test,8
608,test,9
1216,test,3
734,test,6
1514,test,1
855,test,0
1621,test,1
1114,test,4
10,test,0
1322,test,5
32,test,5
1094,test,6
6,test,6
1627,test,7
1731,test,4
301,test,3
352,test,8
844,test,4
1264,test,1
464,test,0
1459,test,7
1574,test,9
907,test,2
1790,test,8
486,test,4
38,test,8
343,test,4
1362,test,2
1411,test,4
617,test,0
854,test,0
487,test,0
1780,test,2
1252,test,6
403,test,7
1703,test,0
540,test,4
302,test,5
1530,test,2
1499,test,2
1792,test,9
357,test,0
1328,test,4
321,test,6
1271,test,8
187,test,2
561,test,3
139,test,9
1437,test,2
175,test,3
516,test,0
362,test,6
1433,test,8
1139,test,7
1457,test,1
919,test,4
1137,test,4
1357,test,1
606,test,1
290,test,6
1074,test,3
955,test,8
1112,test,1
697,test,2
1333,test,5
1201,test,7
1210,test,8
838,test,3
851,test,2
140,test,0
484,test,3
780,test,4
1213,test,1
1736,test,9
329,test,9
1324,test,9
453,test,6
1246,test,3
299,test,7
991,test,1
1191,test,6
685,test,9
507,test,4
983,test,7
527,test,1
1103,test,8
1626,test,1
1477,test,3
1039,test,0
937,test,5
226,test,3
239,test,4
1500,test,1
511,test,9
269,test,3
541,test,5
1171,test,4
1587,test,7
1127,test,4
11,test,1
1692,test,5
99,test,1
1656,test,5
1078,test,0
265,test,9
684,test,8
510,test,4
567,test,2
1758,test,3
1794,test,8
743,test,4
1678,test,1
528,test,2
1317,test,0
586,test,1
1242,test,1
1439,test,4
1777,test,4
35,test,5
1200,test,7
1101,test,5
1212,test,0
1087,test,3
1679,test,2
340,test,2
1708,test,4
979,test,2
236,test,7
368,test,7
1340,test,8
862,test,7
402,test,6
83,test,3
797,test,1
1158,test,1
1461,test,5
284,test,8
554,test,8
148,test,8
1321,test,6
86,test,7
570,test,2
754,test,7
1047,test,8
944,test,9
41,test,4
1159,test,2
1342,test,0
1639,test,3
1244,test,4
