epoch,train_loss,train_accuracy
0,2.297285795211792,0.08211551844119694
1,1.0191290378570557,0.8629088378566457
2,0.37994682788848877,0.9157967988865693
3,0.25266972184181213,0.9338900487125957
4,0.19051708281040192,0.9519832985386222
5,0.16483063995838165,0.9554627696590118
6,0.14024211466312408,0.9617258176757133
7,0.12056400626897812,0.9700765483646486
8,0.09798314422369003,0.9784272790535838
9,0.08601117879152298,0.977731384829506
10,0.0880703404545784,0.9791231732776617
11,0.07567508518695831,0.9798190675017397
12,0.06651881337165833,0.9860821155184412
13,0.0600636750459671,0.9860821155184412
14,0.05461489036679268,0.9895615866388309
15,0.04960941895842552,0.9902574808629089
16,0.056718844920396805,0.9867780097425192
17,0.04175369814038277,0.9965205288796103
18,0.03820674493908882,0.9965205288796103
19,0.03768015280365944,0.9958246346555324
20,0.03800119087100029,0.9951287404314544
21,0.0367426723241806,0.9916492693110647
22,0.03001006692647934,0.9958246346555324
23,0.030493058264255524,0.9930410577592206
24,0.02449752576649189,0.9979123173277662
25,0.022606827318668365,0.9979123173277662
26,0.027811916545033455,0.9958246346555324
27,0.020973844453692436,0.9979123173277662
28,0.020273616537451744,0.9986082115518441
29,0.017054909840226173,0.9986082115518441
30,0.017907118424773216,0.9986082115518441
