sample_id,target,split
iris-008,0,train
iris-106,2,train
iris-076,1,train
iris-009,0,train
iris-089,1,train
iris-146,2,train
iris-094,1,train
iris-133,2,train
iris-135,2,train
iris-117,2,train
iris-105,2,train
iris-078,1,train
iris-060,1,train
iris-067,1,train
iris-092,1,train
iris-029,0,train
iris-019,0,train
iris-108,2,train
iris-137,2,train
iris-031,0,train
iris-072,1,train
iris-046,0,train
iris-131,2,train
iris-025,0,train
iris-081,1,train
iris-103,2,train
iris-111,2,train
iris-026,0,train
iris-121,2,train
iris-040,0,train
iris-021,0,train
iris-071,1,train
iris-091,1,train
iris-015,0,train
iris-139,2,train
iris-148,2,train
iris-079,1,train
iris-059,1,train
iris-144,2,train
iris-070,1,train
iris-006,0,train
iris-050,1,train
iris-016,0,train
iris-130,2,train
iris-001,0,train
iris-017,0,train
iris-101,2,train
iris-035,0,train
iris-041,0,train
iris-012,0,train
iris-045,0,train
iris-064,1,train
iris-100,2,train
iris-055,1,train
iris-000,0,train
iris-149,2,train
iris-099,1,train
iris-136,2,train
iris-047,0,train
iris-142,2,train
iris-036,0,train
iris-053,1,train
iris-113,2,train
iris-024,0,train
iris-083,1,train
iris-090,1,train
iris-122,2,train
iris-066,1,train
iris-054,1,train
iris-115,2,train
iris-039,0,train
iris-023,0,train
iris-004,0,train
iris-119,2,train
iris-082,1,train
iris-129,2,train
iris-080,1,train
iris-145,2,train
iris-123,2,train
iris-085,1,train
iris-034,0,train
iris-114,2,train
iris-068,1,train
iris-043,0,train
iris-120,2,train
iris-032,0,train
iris-109,2,train
iris-098,1,train
iris-086,1,train
iris-030,0,train
iris-097,1,train
iris-110,2,train
iris-044,0,train
iris-013,0,train
iris-124,2,train
iris-118,2,train
iris-112,2,train
iris-087,1,train
iris-126,2,train
iris-005,0,train
iris-143,2,train
iris-096,1,train
iris-125,2,train
iris-102,2,train
iris-048,0,train
iris-074,1,train
iris-073,1,train
iris-095,1,train
iris-088,1,train
iris-065,1,train
iris-027,0,train
iris-128,2,train
iris-062,1,train
iris-061,1,train
iris-011,0,train
iris-037,0,train
iris-002,0,train
iris-033,0,train
iris-052,1,train
iris-003,0,train
iris-038,0,test
iris-127,2,test
iris-057,1,test
iris-093,1,test
iris-042,0,test
iris-056,1,test
iris-022,0,test
iris-020,0,test
iris-147,2,test
iris-084,1,test
iris-107,2,test
iris-141,2,test
iris-104,2,test
iris-051,1,test
iris-007,0,test
iris-049,0,test
iris-014,0,test
iris-069,1,test
iris-063,1,test
iris-138,2,test
iris-010,0,test
iris-140,2,test
iris-058,1,test
iris-134,2,test
iris-132,2,test
iris-077,1,test
iris-075,1,test
iris-018,0,test
iris-116,2,test
iris-028,0,test
