source_id,digit,role,target_label,file,sha256
0,0,unused,0,,
1,1,unused,1,,
2,2,pretrain,0,,
3,3,pretrain,1,,
4,4,target_test,0,target_test/even/digit_0004.png,acadd3d340b4d2cf153cc5c55969e34e9c2ec2ad13759c2d19ef3cd2276a5aa3
5,5,target_test,1,target_test/odd/digit_0005.png,8029e3edc6aecf9d42e56742059207102f6756171130e86df94dbe2764f135d7
6,6,pretrain,0,,
7,7,pretrain,1,,
8,8,pretrain,0,,
9,9,target_test,1,target_test/odd/digit_0009.png,b8a6343fe132e280d3cc75829a91e9796d3d9766d32d377f3438a304a88d6e4d
10,0,pretrain,0,,
11,1,target_train,1,target_train/odd/digit_0011.png,6f1b6ac563fbf90ed5b074bdf3ca424362d615dccd5195707c24e2c16453e605
12,2,unused,0,,
13,3,pretrain,1,,
14,4,unused,0,,
15,5,pretrain,1,,
16,6,unused,0,,
17,7,pretrain,1,,
18,8,pretrain,0,,
19,9,unused,1,,
20,0,target_train,0,target_train/even/digit_0020.png,03a95deed63ff01c749955bb21ba340d172475a13da16dd7b7989b1bed5d764d
21,1,target_train,1,target_train/odd/digit_0021.png,9cdfd889dadd4e0b757f4cd0ab7a548cbd72cc796d68f77475dcc17fcc96992c
22,2,pretrain,0,,
23,3,pretrain,1,,
24,4,unused,0,,
25,5,unused,1,,
26,6,target_train,0,target_train/even/digit_0026.png,9407fee1dfc60bc78c4c5fbd0043b5cae69f4a7390f6d7f112055dcfdd096290
27,7,pretrain,1,,
28,8,pretrain,0,,
29,9,target_train,1,target_train/odd/digit_0029.png,a00bb8bc28f6d9395bf0154cb49c6d4b846918309f70462898eb912c44ddda48
30,0,pretrain,0,,
31,9,target_train,1,target_train/odd/digit_0031.png,450a453904f1b083b53d1ecfcf4aaf24820f82440cbe606a7453271261fcbe10
32,5,pretrain,1,,
33,5,unused,1,,
34,6,target_test,0,target_test/even/digit_0034.png,9f79508906411d3a253db7512387c972232d7e7b1e08855c06eee888dbb02162
35,5,unused,1,,
36,0,unused,0,,
37,9,target_train,1,target_train/odd/digit_0037.png,66a8835a4c1d926298fbf08decbc7a7225c6d6eb6d71dddb00a58e1120a8a70e
38,8,target_test,0,target_test/even/digit_0038.png,7a4298457ec87c4568388fb41cbdb55cda58177f79bd541790c03cfa57bebb75
39,9,target_test,1,target_test/odd/digit_0039.png,61ab5741e1d2c92608fd53151321e300c67a6484241c77c0e9287d8c3df5eea5
40,8,pretrain,0,,
41,4,unused,0,,
42,1,pretrain,1,,
43,7,unused,1,,
44,7,target_train,1,target_train/odd/digit_0044.png,b4ae3605a68488b2241faef2c55cee98c84de255c0e00eec22c3828549369f78
45,3,pretrain,1,,
46,5,pretrain,1,,
47,1,pretrain,1,,
48,0,pretrain,0,,
49,0,unused,0,,
50,2,pretrain,0,,
51,2,pretrain,0,,
52,7,pretrain,1,,
53,8,pretrain,0,,
54,2,unused,0,,
55,0,pretrain,0,,
56,1,pretrain,1,,
57,2,pretrain,0,,
58,6,pretrain,0,,
59,3,pretrain,1,,
60,3,pretrain,1,,
61,7,target_test,1,target_test/odd/digit_0061.png,0c647439abea4e76cbba353ea7ba68f3af9f3e6d4cd49d83edfdec3551020e38
62,3,pretrain,1,,
63,3,target_test,1,target_test/odd/digit_0063.png,38fe7907546db1c35e398437f189a2650dd7368fb6abce93fd23e20b5c168f5d
64,4,unused,0,,
65,6,unused,0,,
66,6,pretrain,0,,
67,6,pretrain,0,,
68,4,unused,0,,
69,9,target_test,1,target_test/odd/digit_0069.png,6f41f406045296e6b3acea0dbafbef4d9379fc142caf9103e251f88388dcbe30
70,1,pretrain,1,,
71,5,target_test,1,target_test/odd/digit_0071.png,55c28b352d71d1019fd82580feba655bd66f7fa7b1e18e311782badc78302308
72,0,pretrain,0,,
73,9,unused,1,,
74,5,unused,1,,
75,2,pretrain,0,,
76,8,pretrain,0,,
77,2,pretrain,0,,
78,0,pretrain,0,,
79,0,pretrain,0,,
80,1,pretrain,1,,
81,7,pretrain,1,,
82,6,unused,0,,
83,3,unused,1,,
84,2,unused,0,,
85,1,pretrain,1,,
86,7,target_test,1,target_test/odd/digit_0086.png,5a9f199139b8746ccdd3fbd84f8322494621ceaa1d84e335f7d2545c0330d849
87,4,pretrain,0,,
88,6,unused,0,,
89,3,target_test,1,target_test/odd/digit_0089.png,0eff68003879fa0aa058e4ce7819158775d75d1e0ce7e3bb5ea1953a645c9d19
90,1,unused,1,,
91,3,pretrain,1,,
92,9,unused,1,,
93,1,pretrain,1,,
94,7,pretrain,1,,
95,6,pretrain,0,,
96,8,pretrain,0,,
97,4,pretrain,0,,
98,3,pretrain,1,,
99,1,pretrain,1,,
100,4,target_test,0,target_test/even/digit_0100.png,fc1c1f8dde9d011446a077c5acf8c4b06119adadefdae232ec2223aa0ac85ecb
101,0,pretrain,0,,
102,5,unused,1,,
103,3,pretrain,1,,
104,6,unused,0,,
105,9,target_test,1,target_test/odd/digit_0105.png,cfb7bfda1dfc03fbd2f1773327df3653af02d88bca41d26f0fa36158d2589f16
106,6,unused,0,,
107,1,target_train,1,target_train/odd/digit_0107.png,a98b4e2ec8c42db1cdc5fa539ff1f33c96072f961cb258592d098e4c80981a41
108,7,unused,1,,
109,5,target_test,1,target_test/odd/digit_0109.png,7082e3c26e068fc98a3d4913e105b640154db819b643542eb9c77ae3a633265e
110,4,unused,0,,
111,4,unused,0,,
112,7,pretrain,1,,
113,2,unused,0,,
114,8,pretrain,0,,
115,2,unused,0,,
116,2,pretrain,0,,
117,5,pretrain,1,,
118,7,pretrain,1,,
119,9,unused,1,,
120,5,target_train,1,target_train/odd/digit_0120.png,3d7675db8531b56d6242f8deb8d09de39953b79fb98caeaf19187354a332b7bd
121,4,pretrain,0,,
122,8,target_train,0,target_train/even/digit_0122.png,c50711322702602ca1a7f01c9fb065210164066800114f612bc0c9049341e83b
123,8,unused,0,,
124,4,unused,0,,
125,9,unused,1,,
126,0,pretrain,0,,
127,8,pretrain,0,,
128,9,pretrain,1,,
129,8,pretrain,0,,
130,0,unused,0,,
131,1,pretrain,1,,
132,2,pretrain,0,,
133,3,unused,1,,
134,4,unused,0,,
135,5,unused,1,,
136,6,pretrain,0,,
137,7,target_test,1,target_test/odd/digit_0137.png,eb9e07cb7c944d8b50f0d6818a26db4c93ede0689755085aedd0f2505201fab6
138,8,unused,0,,
139,9,target_train,1,target_train/odd/digit_0139.png,43a88b9a8d7d5b25c618ff5e1faa3e2a15dafaa5b905e992a2651340463a70b9
140,0,pretrain,0,,
141,1,unused,1,,
142,2,unused,0,,
143,3,pretrain,1,,
144,4,pretrain,0,,
145,5,pretrain,1,,
146,6,unused,0,,
147,7,unused,1,,
148,8,pretrain,0,,
149,9,unused,1,,
150,0,target_train,0,target_train/even/digit_0150.png,4149e725519c7c7bab8bb0742ce1fb025063d84ff9a7dba98778173687db69b4
151,1,target_test,1,target_test/odd/digit_0151.png,f6822f6c8c1832691360f8eeade53812624642db5ef803fab3d869d56a47aafd
152,2,unused,0,,
153,3,pretrain,1,,
154,4,pretrain,0,,
155,5,pretrain,1,,
156,6,unused,0,,
157,7,pretrain,1,,
158,8,pretrain,0,,
159,9,pretrain,1,,
160,0,pretrain,0,,
161,9,target_test,1,target_test/odd/digit_0161.png,56f1ac2f2e04014992afaef1cf37fc7cdcc2621b3949c4bebd92b74c0ae1ce01
162,5,pretrain,1,,
163,5,pretrain,1,,
164,6,pretrain,0,,
165,5,pretrain,1,,
166,0,pretrain,0,,
167,9,pretrain,1,,
168,8,pretrain,0,,
169,9,pretrain,1,,
170,8,pretrain,0,,
171,4,target_train,0,target_train/even/digit_0171.png,0172b9bfa1d46878d601dd0dd7b5b59292379c092dcf7b1c411e0efe90f57953
172,1,target_test,1,target_test/odd/digit_0172.png,7803e79eff3098eb8f0fac177f7d129b40ca90b04ac82be3b4f7ed56401b23c8
173,7,unused,1,,
174,7,unused,1,,
175,3,unused,1,,
176,5,pretrain,1,,
177,1,pretrain,1,,
178,0,pretrain,0,,
179,0,pretrain,0,,
180,2,pretrain,0,,
181,2,unused,0,,
182,7,unused,1,,
183,8,pretrain,0,,
184,2,pretrain,0,,
185,0,unused,0,,
186,1,unused,1,,
187,2,pretrain,0,,
188,6,target_train,0,target_train/even/digit_0188.png,83b63572861c3f87e1a37f3439d993a0829ef29690e769cec46fbc7a579e606a
189,3,pretrain,1,,
190,3,target_train,1,target_train/odd/digit_0190.png,3291e1a7b6d6f09c3b9188dcde6418213bcd4164eaf2392f4b5681104e72a1bf
191,7,pretrain,1,,
192,3,pretrain,1,,
193,3,unused,1,,
194,4,unused,0,,
195,6,unused,0,,
196,6,pretrain,0,,
197,6,target_test,0,target_test/even/digit_0197.png,fc89fbc110ffc2ccfde54da15d95057afa453574a38c282a9fd0e07e99077834
198,4,unused,0,,
199,9,pretrain,1,,
200,1,pretrain,1,,
201,5,pretrain,1,,
202,0,target_train,0,target_train/even/digit_0202.png,8f1741c23431b07733c80a1c5f21afe602cdf39c0840326e4dbf81c0155270bc
203,9,pretrain,1,,
204,5,pretrain,1,,
205,2,pretrain,0,,
206,8,pretrain,0,,
207,2,pretrain,0,,
208,0,target_train,0,target_train/even/digit_0208.png,4d1f38965631328618d5e507102a5bc8cc6fe0679ff470dfbe90e243d596ba29
209,0,unused,0,,
210,1,unused,1,,
211,7,pretrain,1,,
212,6,pretrain,0,,
213,3,unused,1,,
214,2,pretrain,0,,
215,1,pretrain,1,,
216,7,target_test,1,target_test/odd/digit_0216.png,6871188e2120920d5c405f54d35e92d2b28b54085f44df6c86fdf59378c92303
217,3,pretrain,1,,
218,1,pretrain,1,,
219,3,unused,1,,
220,9,pretrain,1,,
221,1,pretrain,1,,
222,7,target_test,1,target_test/odd/digit_0222.png,3a6e543eec8ea1bae65332c163b7ff0aa7c1af63f3ac4e68a4c2f78eaac675cc
223,6,unused,0,,
224,8,pretrain,0,,
225,4,pretrain,0,,
226,3,pretrain,1,,
227,1,target_test,1,target_test/odd/digit_0227.png,894b4630e4f7e7e29cd8a60a479ad363cfff8c45d6548c4f68a64c4130503a28
228,4,target_train,0,target_train/even/digit_0228.png,97bd2a94b25f6e52fd81f22e893e0f31e751d186b6d18ebd98dbe23d5b6a8f2c
229,0,unused,0,,
230,5,pretrain,1,,
231,3,unused,1,,
232,6,unused,0,,
233,9,unused,1,,
234,6,pretrain,0,,
235,1,pretrain,1,,
236,7,unused,1,,
237,5,pretrain,1,,
238,4,pretrain,0,,
239,4,pretrain,0,,
240,7,unused,1,,
241,2,target_train,0,target_train/even/digit_0241.png,fd5e40421ce676885d88ef3885372e7f807d66191a8b65e7c2c13a21a1b0acaa
242,8,pretrain,0,,
243,2,unused,0,,
244,2,pretrain,0,,
245,5,pretrain,1,,
246,5,pretrain,1,,
247,4,pretrain,0,,
248,8,pretrain,0,,
249,8,pretrain,0,,
250,4,pretrain,0,,
251,9,pretrain,1,,
252,0,pretrain,0,,
253,8,pretrain,0,,
254,9,unused,1,,
255,8,pretrain,0,,
256,0,unused,0,,
257,1,pretrain,1,,
258,2,pretrain,0,,
259,3,pretrain,1,,
260,4,pretrain,0,,
261,5,pretrain,1,,
262,6,pretrain,0,,
263,7,target_test,1,target_test/odd/digit_0263.png,6c2f7011c3de68144c6be1a133cd09f5a617789b08b979d8ae120ce6af4158d1
264,8,unused,0,,
265,9,pretrain,1,,
266,0,unused,0,,
267,1,unused,1,,
268,2,target_test,0,target_test/even/digit_0268.png,cae8aa0a2c40a24509a26a127ccf6a0b3e348bc71d486b59f9e0e18ee33b4e23
269,3,unused,1,,
270,4,pretrain,0,,
271,5,pretrain,1,,
272,6,pretrain,0,,
273,7,pretrain,1,,
274,8,unused,0,,
275,9,pretrain,1,,
276,0,pretrain,0,,
277,1,pretrain,1,,
278,2,target_train,0,target_train/even/digit_0278.png,e3a4c0eb08b395746125cc8498af8d704b160b49a46462691598070111886119
279,3,pretrain,1,,
280,4,target_test,0,target_test/even/digit_0280.png,a5d05e038f824537570677393fa8899f9d9e98341554a1961cefbc5251d31d55
281,5,pretrain,1,,
282,6,pretrain,0,,
283,7,unused,1,,
284,8,target_test,0,target_test/even/digit_0284.png,ed7143eb16611a0331e488a4bf5ae335dd5aea6cb4283ef796b38705c03b655e
285,9,unused,1,,
286,0,pretrain,0,,
287,9,pretrain,1,,
288,5,unused,1,,
289,5,unused,1,,
290,6,pretrain,0,,
291,5,unused,1,,
292,0,pretrain,0,,
293,9,pretrain,1,,
294,8,pretrain,0,,
295,9,pretrain,1,,
296,8,target_test,0,target_test/even/digit_0296.png,8c73e8c2a4ecf89dfc4bf61488a4f8d35ae19abc0fbf538b41dfdc227f9bc783
297,4,pretrain,0,,
298,1,pretrain,1,,
299,7,target_test,1,target_test/odd/digit_0299.png,32e77be78fb87e6d2e87ce230d5320384fc0de2186b339b1bd7699a65ee83a3d
300,7,unused,1,,
301,3,target_test,1,target_test/odd/digit_0301.png,727dee0c56b7ceac8a19300bdb4f47aeabc84dba9c539b9df56a6d4c3f7b6697
302,5,pretrain,1,,
303,1,pretrain,1,,
304,0,pretrain,0,,
305,0,target_test,0,target_test/even/digit_0305.png,2ebb4da1212fb9272fd74c450bcd56a5bac30b54251da675549a92ddba162c02
306,2,pretrain,0,,
307,2,unused,0,,
308,7,pretrain,1,,
309,8,target_train,0,target_train/even/digit_0309.png,b986dd82a656261d8782ca72cdda98167a3422511c32ddeb45314d42add0f356
310,2,target_test,0,target_test/even/digit_0310.png,8083449021609b1d2f1a9ea1bdbd3242b3080614616ab4e6817bb06c0ce3a2a7
311,0,pretrain,0,,
312,1,target_test,1,target_test/odd/digit_0312.png,4aab30cc8404ed7883219d1cd48aa63cf7fa5ad64563000ce5b24bd202b865d5
313,2,pretrain,0,,
314,6,pretrain,0,,
315,3,unused,1,,
316,3,pretrain,1,,
317,7,pretrain,1,,
318,3,target_test,1,target_test/odd/digit_0318.png,76d195155493160a1111ae5409cd2995fede62756f05de00edbca75f929f3526
319,3,unused,1,,
320,4,pretrain,0,,
321,6,target_test,0,target_test/even/digit_0321.png,444a8b8071b797ecacc4b7554226361318ec9b7c2e00f150b77bb082ba918c34
322,6,pretrain,0,,
323,6,target_test,0,target_test/even/digit_0323.png,81834f2faf5b98330fd38a86c5d47cc0bc811835c59ad287df7de5790d02d5da
324,4,unused,0,,
325,9,pretrain,1,,
326,1,unused,1,,
327,5,unused,1,,
328,0,pretrain,0,,
329,9,target_test,1,target_test/odd/digit_0329.png,b214c64d480e98456116f1a86d720dfc34a99393f3f7bc7b0fba8f91c1e26a18
330,5,pretrain,1,,
331,2,pretrain,0,,
332,8,target_test,0,target_test/even/digit_0332.png,c22b785c635b532f23a908402ed94887ffb1b94dbf9c300c0c539f2fe40c1cbc
333,2,pretrain,0,,
334,0,pretrain,0,,
335,0,unused,0,,
336,1,pretrain,1,,
337,7,target_train,1,target_train/odd/digit_0337.png,8f303e2c527dbe7d7a707d3e6f76d4ba479d0d98d0da754700602b59ada0926e
338,6,unused,0,,
339,3,target_test,1,target_test/odd/digit_0339.png,ecf77e7bf257b09078c4a56c30c9281d4b4c92904e3904ad4cd6827847ee020e
340,2,unused,0,,
341,1,pretrain,1,,
342,7,unused,1,,
343,4,pretrain,0,,
344,6,unused,0,,
345,3,pretrain,1,,
346,1,target_train,1,target_train/odd/digit_0346.png,2a3004a4dfd71a3d8a4cfdd08447f221e8fb0cf2a60a9a393877f166d91752dc
347,3,pretrain,1,,
348,9,unused,1,,
349,1,pretrain,1,,
350,7,unused,1,,
351,6,unused,0,,
352,8,unused,0,,
353,4,pretrain,0,,
354,3,unused,1,,
355,1,pretrain,1,,
356,4,pretrain,0,,
357,0,target_test,0,target_test/even/digit_0357.png,2061068c8b01f44d7355a3147774c4a51a88da4f62399a0660ac36f3355f3286
358,5,pretrain,1,,
359,3,unused,1,,
360,6,unused,0,,
361,9,target_train,1,target_train/odd/digit_0361.png,8f19ed6cc3154d3fb7ac5858daff27b0579d737784337dfcedb57adaa898267b
362,6,unused,0,,
363,1,unused,1,,
364,7,target_train,1,target_train/odd/digit_0364.png,8b1a3535334f84088aa43f347455bd4dad3dbdbff84a1098d73db98983b17157
365,5,pretrain,1,,
366,4,pretrain,0,,
367,4,pretrain,0,,
368,7,target_test,1,target_test/odd/digit_0368.png,5dff009609a71313e5fef5f4d79998410de83cf29dc4625eded7e3a9775cf61e
369,2,pretrain,0,,
370,8,target_test,0,target_test/even/digit_0370.png,dc929fae78d816670c308f4dbecd58dd0bc52ad10443733242a74f37ac2823e3
371,2,target_test,0,target_test/even/digit_0371.png,3260a55de985102690ae4f6a800c48b36f1d8f378fb5c1458b5a9616991274b9
372,2,target_train,0,target_train/even/digit_0372.png,a2ac09c6dbc7b32928b47002c201214c78853593967c7d63af8f7e6fa3286844
373,5,pretrain,1,,
374,7,unused,1,,
375,9,pretrain,1,,
376,5,pretrain,1,,
377,4,unused,0,,
378,8,target_test,0,target_test/even/digit_0378.png,942704b191d1f22992e74a678367a3fda94142fabae29eaa96bd9a3fbedfb509
379,8,unused,0,,
380,4,unused,0,,
381,9,pretrain,1,,
382,0,pretrain,0,,
383,8,target_test,0,target_test/even/digit_0383.png,8f13b87654ceb565a0035738691abe4c67a269b1dc28a7451c4f994a51fc1b99
384,9,unused,1,,
385,3,pretrain,1,,
386,0,target_test,0,target_test/even/digit_0386.png,c5ca07055474d7ec2d6284f857c16e1cf77cc6256a6fb62149a571de6c3e395b
387,1,pretrain,1,,
388,2,pretrain,0,,
389,3,pretrain,1,,
390,4,target_test,0,target_test/even/digit_0390.png,82d5df1047ff53cd3a8f29fefc7d3bda73453a6dd57a53a16890a7dbb07ce0b6
391,5,pretrain,1,,
392,6,pretrain,0,,
393,7,target_test,1,target_test/odd/digit_0393.png,bc6836a696d0b0827e7032b049e4821c1f404ba52726b1d1015147923eec1c33
394,8,pretrain,0,,
395,9,unused,1,,
396,0,unused,0,,
397,1,target_test,1,target_test/odd/digit_0397.png,92578f6f74de7a3ed94c6afea3d06c4414c2e314981434561f82542391ddb9a6
398,2,target_train,0,target_train/even/digit_0398.png,22292256cbd240433d272374017606d24e7ac0b704ed29fb731a59880ea795a0
399,3,target_test,1,target_test/odd/digit_0399.png,2c7823264356e7a31dcbb33de6ed3896e18a2e637c1b6ee294cf9a46b91bd2f6
400,4,pretrain,0,,
401,5,pretrain,1,,
402,6,pretrain,0,,
403,7,pretrain,1,,
404,8,target_test,0,target_test/even/digit_0404.png,1fdc2c826f472462bcc55b97cc2dcb7343dc91fd78b506b0bd934f36476cdb60
405,9,unused,1,,
406,0,pretrain,0,,
407,1,pretrain,1,,
408,2,pretrain,0,,
409,3,unused,1,,
410,4,unused,0,,
411,5,unused,1,,
412,6,pretrain,0,,
413,7,pretrain,1,,
414,8,pretrain,0,,
415,9,unused,1,,
416,0,unused,0,,
417,9,unused,1,,
418,5,pretrain,1,,
419,5,pretrain,1,,
420,6,pretrain,0,,
421,5,pretrain,1,,
422,0,target_test,0,target_test/even/digit_0422.png,f0a5763e4d9b2c04378a8eb6f87f801812fd10eb308c7a1b45017628c45c1e88
423,9,pretrain,1,,
424,8,pretrain,0,,
425,9,pretrain,1,,
426,8,pretrain,0,,
427,4,target_train,0,target_train/even/digit_0427.png,14ee306e4c403cf67dc6059e7a726f4f18843618a1fb57205f0dbf92debe925a
428,1,unused,1,,
429,7,target_train,1,target_train/odd/digit_0429.png,bbced1f273599082df49f901841fc3e841ab3ce6f6ceb51cb649ffdfebb13b0c
430,7,unused,1,,
431,3,pretrain,1,,
432,5,pretrain,1,,
433,1,pretrain,1,,
434,0,pretrain,0,,
435,0,unused,0,,
436,2,pretrain,0,,
437,2,pretrain,0,,
438,7,pretrain,1,,
439,8,unused,0,,
440,2,pretrain,0,,
441,0,target_train,0,target_train/even/digit_0441.png,da3088b70f91e62933bdc8b148b23492a87466df02017756b43ec8bb0235d02c
442,1,pretrain,1,,
443,2,pretrain,0,,
444,6,unused,0,,
445,3,unused,1,,
446,3,pretrain,1,,
447,7,unused,1,,
448,3,pretrain,1,,
449,3,pretrain,1,,
450,4,pretrain,0,,
451,6,pretrain,0,,
452,6,pretrain,0,,
453,6,target_test,0,target_test/even/digit_0453.png,67d85bfc3b2c2f45a933e4679a3872083fd5cab3069eeea12ef3b72a6c86f859
454,4,pretrain,0,,
455,9,pretrain,1,,
456,1,pretrain,1,,
457,5,unused,1,,
458,0,pretrain,0,,
459,9,pretrain,1,,
460,5,unused,1,,
461,2,pretrain,0,,
462,8,pretrain,0,,
463,2,pretrain,0,,
464,0,pretrain,0,,
465,0,unused,0,,
466,1,target_train,1,target_train/odd/digit_0466.png,1fbc7795506c80372cfceff4dfeb86cf544e677f2012ab075625c5e7dca2b0a1
467,7,pretrain,1,,
468,6,unused,0,,
469,3,pretrain,1,,
470,2,target_test,0,target_test/even/digit_0470.png,17c9de1a9454c903c69edd85fe9363798bf91ffb8bb8b112d624fb1c445262de
471,1,pretrain,1,,
472,7,unused,1,,
473,4,pretrain,0,,
474,6,pretrain,0,,
475,3,pretrain,1,,
476,1,pretrain,1,,
477,3,unused,1,,
478,9,pretrain,1,,
479,1,unused,1,,
480,7,unused,1,,
481,6,pretrain,0,,
482,8,target_train,0,target_train/even/digit_0482.png,2f329c14997485a0c1ab9dfa283fc665356993f890aa6cd1d04b5fd0a01d0e16
483,4,target_train,0,target_train/even/digit_0483.png,0f0f40dc40d3f751bf2719afd9667acd7fce30ef45f7b0495a660b00e8e58f17
484,3,pretrain,1,,
485,1,target_train,1,target_train/odd/digit_0485.png,72fdc18d9af932a17682498e04cd89ff86c8e9bbe6f8ac0976400ed71e19eb8d
486,4,unused,0,,
487,0,pretrain,0,,
488,5,pretrain,1,,
489,3,unused,1,,
490,6,pretrain,0,,
491,9,pretrain,1,,
492,6,pretrain,0,,
493,1,pretrain,1,,
494,7,target_train,1,target_train/odd/digit_0494.png,203c4345291d0e2008b2840837cc54770768c382291e048a2a5575c090f37eed
495,5,target_test,1,target_test/odd/digit_0495.png,4dce1deac9e751062cbc0e6717cad823c684cacd2643862d724800f882950c78
496,4,pretrain,0,,
497,4,target_test,0,target_test/even/digit_0497.png,a6974b22c2bd4e972f99bfc13bb24b31864492ba0e24d1dcaf7377927b441573
498,7,pretrain,1,,
499,2,pretrain,0,,
500,8,pretrain,0,,
501,2,unused,0,,
502,2,target_train,0,target_train/even/digit_0502.png,1e593506a39701b3c0232321d10dd15467f042496cf8d701aecca39e57ba71fe
503,5,unused,1,,
504,7,pretrain,1,,
505,9,pretrain,1,,
506,5,target_test,1,target_test/odd/digit_0506.png,5d3e892fa39ed5c2e4c88167ede1e545ba0f6b5f0825040bbadfd53603a09282
507,4,unused,0,,
508,8,pretrain,0,,
509,8,pretrain,0,,
510,4,pretrain,0,,
511,9,pretrain,1,,
512,0,pretrain,0,,
513,8,pretrain,0,,
514,9,pretrain,1,,
515,8,target_train,0,target_train/even/digit_0515.png,ec797eb8e3375143e3170ed3974e620f2e51554bc4c24ee831549bd9dde93884
516,0,target_test,0,target_test/even/digit_0516.png,77a22dec7ab7abcf8f16eee5c96b986c1756419b3c9f0370ac6b39e7871e4f60
517,1,target_test,1,target_test/odd/digit_0517.png,6ee08eb221a67cf33c722a82703005452adb3564e3983fbb565bac6efb836157
518,2,pretrain,0,,
519,3,unused,1,,
520,4,unused,0,,
521,5,target_test,1,target_test/odd/digit_0521.png,9b51f3b3100f8aa6927ee45f33631bfe33553cc8b38afadd333348e16afc612b
522,6,pretrain,0,,
523,7,pretrain,1,,
524,8,target_train,0,target_train/even/digit_0524.png,29b2899249daad3640e39d87ec4b015ef9faa42c524bfb61b7eda94eca2fb924
525,9,pretrain,1,,
526,0,unused,0,,
527,1,pretrain,1,,
528,2,pretrain,0,,
529,3,unused,1,,
530,4,pretrain,0,,
531,5,unused,1,,
532,6,pretrain,0,,
533,7,unused,1,,
534,8,pretrain,0,,
535,9,pretrain,1,,
536,0,pretrain,0,,
537,1,target_test,1,target_test/odd/digit_0537.png,7e429d38043faba84011302c78daf0734c72df9e13bea86646012308b95dc046
538,2,pretrain,0,,
539,3,pretrain,1,,
540,4,unused,0,,
541,5,target_train,1,target_train/odd/digit_0541.png,9b9b0adb31b60a94d5301864095894e0ea7757bc00fe2e3e0b688cc6fc6d1252
542,6,target_test,0,target_test/even/digit_0542.png,0777c0d52925f90f8b9eb2e366aa92b0266d87a2cf8b531aaae18a374647f790
543,7,pretrain,1,,
544,8,pretrain,0,,
545,9,pretrain,1,,
546,0,pretrain,0,,
547,9,unused,1,,
548,5,pretrain,1,,
549,5,unused,1,,
550,6,pretrain,0,,
551,5,pretrain,1,,
552,0,target_test,0,target_test/even/digit_0552.png,c3156611f616d37d29c7c95bef8707114594d9159f0e1c72aec265137f52d851
553,9,target_test,1,target_test/odd/digit_0553.png,3a9f1383c4891ca0edfd762b8d065576351499e3d810f38fc178cc28cb6f2d78
554,8,pretrain,0,,
555,9,pretrain,1,,
556,8,target_test,0,target_test/even/digit_0556.png,9f3e49d98c66b1e6a403114c6297c099c957d8e9cea2ad0a905e32d6e20f23b2
557,4,unused,0,,
558,1,unused,1,,
559,7,pretrain,1,,
560,7,pretrain,1,,
561,3,unused,1,,
562,5,pretrain,1,,
563,1,unused,1,,
564,0,pretrain,0,,
565,0,pretrain,0,,
566,2,pretrain,0,,
567,2,pretrain,0,,
568,7,pretrain,1,,
569,8,pretrain,0,,
570,2,pretrain,0,,
571,0,pretrain,0,,
572,1,target_test,1,target_test/odd/digit_0572.png,452f5da3b8e7a8cd434b94cd1b49821f5b64a9695db3efad978747d80e4cfbce
573,2,target_test,0,target_test/even/digit_0573.png,ef83f3c533c079beed5384246d2a3b14d4912d29a6c3ec37dc65d153b17b4436
574,6,pretrain,0,,
575,3,unused,1,,
576,3,unused,1,,
577,7,unused,1,,
578,3,unused,1,,
579,3,target_test,1,target_test/odd/digit_0579.png,9b2ecc552b54e987e5ac28db1d1f6cf96c95b5689e4e5719d0d5cc30eb60f0a1
580,4,pretrain,0,,
581,6,pretrain,0,,
582,6,pretrain,0,,
583,6,pretrain,0,,
584,4,pretrain,0,,
585,9,target_test,1,target_test/odd/digit_0585.png,df9e2b744cb5054b752f6c6b099d873a54051c837ecea53e5afe27f16e631eae
586,1,pretrain,1,,
587,5,unused,1,,
588,0,pretrain,0,,
589,9,pretrain,1,,
590,5,unused,1,,
591,2,unused,0,,
592,8,target_test,0,target_test/even/digit_0592.png,f6b95d01e23690dafca53455fcd587943bab2e1b95cfee0ddf80249b772825b3
593,2,unused,0,,
594,0,pretrain,0,,
595,0,pretrain,0,,
596,1,pretrain,1,,
597,7,pretrain,1,,
598,6,pretrain,0,,
599,3,pretrain,1,,
600,2,pretrain,0,,
601,1,pretrain,1,,
602,7,target_test,1,target_test/odd/digit_0602.png,6f73fb40f22f69ec7b0ed57768fde7638fff0400e64eddc0dc518158c06159cb
603,4,pretrain,0,,
604,6,pretrain,0,,
605,3,unused,1,,
606,1,pretrain,1,,
607,3,pretrain,1,,
608,9,pretrain,1,,
609,1,pretrain,1,,
610,7,pretrain,1,,
611,6,pretrain,0,,
612,8,pretrain,0,,
613,4,unused,0,,
614,3,target_test,1,target_test/odd/digit_0614.png,db04699405401b06617d1c573aecee04816d25dbb96ec0500ccb9e4fce213194
615,1,target_train,1,target_train/odd/digit_0615.png,4e2f59e0f1b1c9940aebc0e2919e0bac7c9a0b822989b1ddbb3aaab6956d0194
616,4,pretrain,0,,
617,0,target_train,0,target_train/even/digit_0617.png,0c0843b61b5d75278c2d5c8805755ab629662453358737809265043cf348e21f
618,5,unused,1,,
619,3,target_train,1,target_train/odd/digit_0619.png,2baa7d0106f26472867103cef3e0d35b4e45f7a4b4c4705d5ab13b9fb1d6be5a
620,6,pretrain,0,,
621,9,pretrain,1,,
622,6,unused,0,,
623,1,unused,1,,
624,7,pretrain,1,,
625,5,unused,1,,
626,4,unused,0,,
627,4,pretrain,0,,
628,7,pretrain,1,,
629,2,pretrain,0,,
630,8,unused,0,,
631,2,pretrain,0,,
632,2,target_test,0,target_test/even/digit_0632.png,740c47e5d2584b253ecea54693f311aa6ba9fa7466ce5bab391de125ccf2632d
633,5,unused,1,,
634,7,pretrain,1,,
635,9,unused,1,,
636,5,unused,1,,
637,4,pretrain,0,,
638,8,pretrain,0,,
639,8,unused,0,,
640,4,target_test,0,target_test/even/digit_0640.png,46a520fbb99d643081a20b3ad2b8fd31ff440c61a3eeda4a38dc2d889637a403
641,9,pretrain,1,,
642,0,unused,0,,
643,8,pretrain,0,,
644,9,pretrain,1,,
645,8,pretrain,0,,
646,0,unused,0,,
647,1,pretrain,1,,
648,2,pretrain,0,,
649,3,pretrain,1,,
650,4,pretrain,0,,
651,5,pretrain,1,,
652,6,pretrain,0,,
653,7,target_test,1,target_test/odd/digit_0653.png,cbcdf1bd19ecf13c4eda9d5bd423c4cb5d20df83296d82f86b76bde04416ae9e
654,8,pretrain,0,,
655,9,unused,1,,
656,0,unused,0,,
657,1,pretrain,1,,
658,2,pretrain,0,,
659,3,target_train,1,target_train/odd/digit_0659.png,07bcfb8a98a827467cc5f10ebc84c127f186dd610e4b18bacccca908b410b468
660,4,pretrain,0,,
661,5,pretrain,1,,
662,6,pretrain,0,,
663,7,pretrain,1,,
664,8,target_test,0,target_test/even/digit_0664.png,6e4fb6774ed1a88bd27923564e0fa2ee854503e43818c64d236bb26d6b988086
665,9,unused,1,,
666,0,pretrain,0,,
667,1,pretrain,1,,
668,2,target_test,0,target_test/even/digit_0668.png,254fdc645cd0417031f6ece7aa6f5716bf50413ad14521032ca0678ad20a09b0
669,3,pretrain,1,,
670,4,target_train,0,target_train/even/digit_0670.png,41699ddc3759ab87c002afd454c88c0593fdb3e1dba80007451df50e3aeff79e
671,5,pretrain,1,,
672,6,target_test,0,target_test/even/digit_0672.png,a610a9012bdb6aab18d7195bf69f1e8bc89faca66f5a2174e29fb2dab416fce0
673,7,unused,1,,
674,8,pretrain,0,,
675,9,target_test,1,target_test/odd/digit_0675.png,dd0b2c5e05434e54b962a42447651512ac8b1db68c5555e26a81b391948a6b44
676,0,pretrain,0,,
677,9,pretrain,1,,
678,5,pretrain,1,,
679,5,pretrain,1,,
680,6,pretrain,0,,
681,5,unused,1,,
682,0,target_test,0,target_test/even/digit_0682.png,2cc95850a072630ba3caf56168975c841d5135fc465ea1e8a0d31c229769e762
683,9,target_train,1,target_train/odd/digit_0683.png,40eb6e2556fedca0ad7c3c73da78db5801f32b27c5c16e0b9aa77b3864f86a24
684,8,target_test,0,target_test/even/digit_0684.png,8c46972285ec33af767123bfaf8c6dcc21ad0216020cc10a1420e8241ee4e3e8
685,9,unused,1,,
686,8,unused,0,,
687,4,pretrain,0,,
688,1,pretrain,1,,
689,7,pretrain,1,,
690,7,pretrain,1,,
691,3,unused,1,,
692,5,unused,1,,
693,1,target_test,1,target_test/odd/digit_0693.png,f845a368c84c19b90c317a097cd2d76fb5badb474c9e4abdb119697d585662c3
694,0,pretrain,0,,
695,0,pretrain,0,,
696,2,pretrain,0,,
697,2,target_test,0,target_test/even/digit_0697.png,61846db34c94461aa765085aed52e82368d625915b66cf24fa1863ae400f3d67
698,7,target_test,1,target_test/odd/digit_0698.png,628641086102fe39d58768218d4257d4960fead94eb7991f628dd430401c212c
699,8,unused,0,,
700,2,pretrain,0,,
701,0,target_train,0,target_train/even/digit_0701.png,a985126092f7684632aeeee5425079bcca7395b9d2a95c1790a99b5a7f506e0f
702,1,target_train,1,target_train/odd/digit_0702.png,daba66042e691ceca9ea37eaf186489979032a1480d93de2445765f9f576d201
703,2,pretrain,0,,
704,6,pretrain,0,,
705,3,pretrain,1,,
706,3,unused,1,,
707,7,pretrain,1,,
708,3,pretrain,1,,
709,3,pretrain,1,,
710,4,target_test,0,target_test/even/digit_0710.png,627971cf61cd016d1d20d32942cf6edd06f5a534a4cd224c5a6ecf9ca64dd425
711,6,pretrain,0,,
712,6,pretrain,0,,
713,6,target_train,0,target_train/even/digit_0713.png,cac4da6116bf9295b5353344bc70fa70587adb18b9daa7f00da215835f58f0cf
714,4,pretrain,0,,
715,9,unused,1,,
716,1,target_test,1,target_test/odd/digit_0716.png,42e67e479f91888c46202e7aabb470f3f07d246b33ad9b80cbc79886a67e2ac6
717,5,pretrain,1,,
718,0,target_train,0,target_train/even/digit_0718.png,f5f1286cbca35784d624b63137d88905e1af6288c0b7013a7ee98719486db8b8
719,9,pretrain,1,,
720,5,unused,1,,
721,2,unused,0,,
722,8,pretrain,0,,
723,2,pretrain,0,,
724,0,pretrain,0,,
725,0,unused,0,,
726,1,target_test,1,target_test/odd/digit_0726.png,479b1110a499dcfd4e3fe54d58babbd30ac3e0838d17656bd30534136f779160
727,7,target_train,1,target_train/odd/digit_0727.png,c5484c9cb86ac662d552f278c2412c61b936569c472cf35fc2aa10f11c8d32f9
728,6,pretrain,0,,
729,3,pretrain,1,,
730,2,unused,0,,
731,1,target_test,1,target_test/odd/digit_0731.png,30cfb80ee060015a0205fb6122f4fd586153257cdcde5f488d9cfef754c7068e
732,7,pretrain,1,,
733,4,pretrain,0,,
734,6,pretrain,0,,
735,3,pretrain,1,,
736,1,pretrain,1,,
737,3,pretrain,1,,
738,9,pretrain,1,,
739,1,pretrain,1,,
740,7,target_test,1,target_test/odd/digit_0740.png,8ad69ea0d86d445d6d6316c3e69a572f275331b23b43265ef3e914989ae8d1c1
741,6,unused,0,,
742,8,unused,0,,
743,4,pretrain,0,,
744,3,unused,1,,
745,1,unused,1,,
746,4,unused,0,,
747,0,pretrain,0,,
748,5,pretrain,1,,
749,3,unused,1,,
750,6,unused,0,,
751,9,unused,1,,
752,6,pretrain,0,,
753,1,unused,1,,
754,7,target_train,1,target_train/odd/digit_0754.png,09602c4f8ef8092b4251a30cc7654b3533d37c9b6610fda61e19eb5956e6029c
755,5,unused,1,,
756,4,pretrain,0,,
757,4,pretrain,0,,
758,7,pretrain,1,,
759,2,unused,0,,
760,8,unused,0,,
761,2,pretrain,0,,
762,2,pretrain,0,,
763,5,pretrain,1,,
764,7,pretrain,1,,
765,9,unused,1,,
766,5,pretrain,1,,
767,4,pretrain,0,,
768,8,target_train,0,target_train/even/digit_0768.png,f48b00a35b8c6b0d8039b9cdb7509e34964e059232215a893955b8057d66e075
769,8,unused,0,,
770,4,pretrain,0,,
771,9,pretrain,1,,
772,0,pretrain,0,,
773,8,pretrain,0,,
774,9,target_test,1,target_test/odd/digit_0774.png,24b94b53d1eedf1bbf0e3965c2ba0409de30503e6544f57acbeaa6cf6790a6a6
775,8,unused,0,,
776,0,pretrain,0,,
777,1,pretrain,1,,
778,2,pretrain,0,,
779,3,unused,1,,
780,4,unused,0,,
781,5,target_test,1,target_test/odd/digit_0781.png,654cf0226a5d832951d546279544b3fb1e36eed891e9920012893ced1af9d135
782,6,unused,0,,
783,7,unused,1,,
784,8,pretrain,0,,
785,9,unused,1,,
786,0,unused,0,,
787,1,pretrain,1,,
788,2,pretrain,0,,
789,3,pretrain,1,,
790,4,target_test,0,target_test/even/digit_0790.png,b3695666b1ca07b37e152eae2217a3f4fff60c6e7d2ab05e47138d23c466b7d3
791,5,unused,1,,
792,6,pretrain,0,,
793,7,pretrain,1,,
794,8,target_train,0,target_train/even/digit_0794.png,8f35b940e2865e1650543431cf412f231368619f352e04b50cfbe6b73ad42e4e
795,9,pretrain,1,,
796,0,pretrain,0,,
797,1,pretrain,1,,
798,2,pretrain,0,,
799,3,pretrain,1,,
800,4,pretrain,0,,
801,5,unused,1,,
802,6,pretrain,0,,
803,7,pretrain,1,,
804,8,unused,0,,
805,9,unused,1,,
806,0,pretrain,0,,
807,9,pretrain,1,,
808,5,target_test,1,target_test/odd/digit_0808.png,a47e780f1a124d563fde3c3eb96d1cdbd9bf77918e33f006807d2abdc347af48
809,5,target_train,1,target_train/odd/digit_0809.png,ed8913cf2e8a731a41d88651579ae1b890e744f3f0df1ba47e18f3bdc39ae820
810,6,target_train,0,target_train/even/digit_0810.png,5fc0db68ea18b2986531500391e2d2113f90ea3c66ba24d95faca3113f4a80c3
811,5,unused,1,,
812,0,target_test,0,target_test/even/digit_0812.png,113380d2e00d7e5d2fee945e7ea78cfd3ff1f32a14a2d3bd53bb6511f93c4ef5
813,9,pretrain,1,,
814,8,pretrain,0,,
815,9,unused,1,,
816,8,unused,0,,
817,4,pretrain,0,,
818,1,unused,1,,
819,7,target_train,1,target_train/odd/digit_0819.png,d396f32167aadd40df0e41ed2ea1e955ad0566e1a173e8d159b2f68dc10d45ec
820,7,pretrain,1,,
821,3,pretrain,1,,
822,5,pretrain,1,,
823,1,target_test,1,target_test/odd/digit_0823.png,711bdc01d9846c00f813c7c8e8757840caf72854e92df9c297c6ee19d5802f9e
824,0,pretrain,0,,
825,0,pretrain,0,,
826,2,target_test,0,target_test/even/digit_0826.png,90e3d13a783bc31c20d96ae9069cc997cb634b7c56f8032e0386debfbf66220b
827,2,unused,0,,
828,7,unused,1,,
829,8,pretrain,0,,
830,2,unused,0,,
831,0,pretrain,0,,
832,1,unused,1,,
833,2,pretrain,0,,
834,6,unused,0,,
835,3,unused,1,,
836,3,pretrain,1,,
837,7,pretrain,1,,
838,3,pretrain,1,,
839,3,target_test,1,target_test/odd/digit_0839.png,a4d0848013c57ee34e50be0025671d3d861099688f150fe8016aaae81f52881b
840,4,unused,0,,
841,6,unused,0,,
842,6,pretrain,0,,
843,6,pretrain,0,,
844,4,unused,0,,
845,9,pretrain,1,,
846,1,pretrain,1,,
847,5,target_test,1,target_test/odd/digit_0847.png,94d71b6cbaf4dc22a7468223265c156b5c9917eeb8b5fe6c4d213bf70eaf95bc
848,0,pretrain,0,,
849,9,pretrain,1,,
850,5,target_test,1,target_test/odd/digit_0850.png,fbe666a8e85d5fce4f2da688de7fecf8a5de6c3aca74c944bfd6b247605bc27d
851,2,target_train,0,target_train/even/digit_0851.png,8fb9edd57c91a534a35e4e10d17eac0a3422b9925fb9c7d2648f80f85616a5d7
852,8,pretrain,0,,
853,2,unused,0,,
854,0,pretrain,0,,
855,0,unused,0,,
856,1,pretrain,1,,
857,7,pretrain,1,,
858,6,pretrain,0,,
859,3,pretrain,1,,
860,2,pretrain,0,,
861,1,pretrain,1,,
862,7,pretrain,1,,
863,4,unused,0,,
864,6,unused,0,,
865,3,pretrain,1,,
866,1,pretrain,1,,
867,3,pretrain,1,,
868,9,pretrain,1,,
869,1,pretrain,1,,
870,7,pretrain,1,,
871,6,pretrain,0,,
872,8,unused,0,,
873,4,unused,0,,
874,3,target_test,1,target_test/odd/digit_0874.png,7b299c817eb9fa7ea007052e9c11b3240422c0fd806467ce4ad5f9d246523e26
875,1,pretrain,1,,
876,4,pretrain,0,,
877,0,pretrain,0,,
878,5,pretrain,1,,
879,3,pretrain,1,,
880,6,target_test,0,target_test/even/digit_0880.png,eecd0331c1a27f3c6f3d72a1d21004a5340a8e249965a5394735a625e2c0cbd5
881,9,pretrain,1,,
882,6,pretrain,0,,
883,1,pretrain,1,,
884,7,pretrain,1,,
885,5,unused,1,,
886,4,target_train,0,target_train/even/digit_0886.png,f6d40f52dd411db12a310e40793e891550f22a033c76ec30497eadd1af96be9e
887,4,pretrain,0,,
888,7,unused,1,,
889,2,target_test,0,target_test/even/digit_0889.png,66385ad54d53cebd6febc5907be66d54e3e596a0a0161cee87a5785796db0b68
890,8,pretrain,0,,
891,2,pretrain,0,,
892,2,pretrain,0,,
893,5,pretrain,1,,
894,7,pretrain,1,,
895,9,pretrain,1,,
896,5,pretrain,1,,
897,4,pretrain,0,,
898,8,unused,0,,
899,8,pretrain,0,,
900,4,pretrain,0,,
901,9,unused,1,,
902,0,pretrain,0,,
903,8,pretrain,0,,
904,9,pretrain,1,,
905,8,unused,0,,
906,1,pretrain,1,,
907,2,unused,0,,
908,3,target_train,1,target_train/odd/digit_0908.png,86b1bfc6482b635aba3454d53cc506ff83b393972c2a3c7f56be22cc1bb65961
909,4,pretrain,0,,
910,5,pretrain,1,,
911,6,pretrain,0,,
912,7,target_test,1,target_test/odd/digit_0912.png,0d4da5efea481842ddf477390687dcb44a51f6530e64e6b59b06e089f33427fb
913,8,unused,0,,
914,9,pretrain,1,,
915,0,unused,0,,
916,1,unused,1,,
917,2,pretrain,0,,
918,3,target_test,1,target_test/odd/digit_0918.png,93c624d66050e48feb80414815003ae9294db80aeca21e540af64366fd4b0932
919,4,target_train,0,target_train/even/digit_0919.png,92f952f8b79e9af52c3c2ce47e7eafe5474755ef32185ec3b42d334abdffc4b3
920,5,target_train,1,target_train/odd/digit_0920.png,363a4bebdddc67dfc92f8a9d3d4fb9ba500f6813571b4acfee17459806d66027
921,6,pretrain,0,,
922,7,pretrain,1,,
923,8,pretrain,0,,
924,9,pretrain,1,,
925,0,unused,0,,
926,1,unused,1,,
927,2,unused,0,,
928,3,pretrain,1,,
929,4,unused,0,,
930,5,unused,1,,
931,6,pretrain,0,,
932,7,unused,1,,
933,8,pretrain,0,,
934,9,target_train,1,target_train/odd/digit_0934.png,be75bd6df6c9638506b6fb59eb4467033b984eb2eaa937657b2d2a57fd3323f2
935,0,pretrain,0,,
936,9,unused,1,,
937,5,target_train,1,target_train/odd/digit_0937.png,2629658d2bdb8faa15a1505259dd8fb4cc29f2937c83cd9908388147466e272b
938,5,pretrain,1,,
939,6,unused,0,,
940,5,pretrain,1,,
941,0,pretrain,0,,
942,9,pretrain,1,,
943,8,pretrain,0,,
944,9,target_test,1,target_test/odd/digit_0944.png,ddded421cbac44c50b94b08469106061ea115c78bcb80d7d5c50c6f8594c4a4e
945,8,pretrain,0,,
946,4,pretrain,0,,
947,1,pretrain,1,,
948,7,pretrain,1,,
949,7,target_test,1,target_test/odd/digit_0949.png,d92a8ee5e857dd778de8f9ef77dd37f1c40c54dcc61974b8c770c77ba580b07d
950,3,unused,1,,
951,5,target_test,1,target_test/odd/digit_0951.png,76fdd3e6cc44b4b7afa993d011e4e9a52250bffa249cbc297e63220dc73e8d3d
952,1,pretrain,1,,
953,2,unused,0,,
954,7,target_test,1,target_test/odd/digit_0954.png,3de382a2070ac4b4515287f9b3c7daa475fda87131d45214887e180924d2bd9e
955,8,unused,0,,
956,2,pretrain,0,,
957,0,unused,0,,
958,1,pretrain,1,,
959,2,unused,0,,
960,6,target_train,0,target_train/even/digit_0960.png,77d083ea3c0214b86123e1cdae6b7621161ceb579f5ffd15686ba08aac2ccb22
961,3,pretrain,1,,
962,3,target_train,1,target_train/odd/digit_0962.png,ca39534d6538382cc1ebd35093f7de9cdfe6f7c5a863fb826c4ec2368d835d31
963,7,target_train,1,target_train/odd/digit_0963.png,0be6232bd1d98ebfb3c7609796e95cbda81899cde6a25dceb860cc2b3434a92e
964,3,target_test,1,target_test/odd/digit_0964.png,488ca9e78d2b97ad2e1a1f0ce54212be00d6cbd8f6765dd1763f83df1f22cba6
965,3,unused,1,,
966,4,target_train,0,target_train/even/digit_0966.png,69b684d2da7129f4e0e97e2bd115b3171aa5125f7f02b21b59c68c1f70c63fa6
967,6,pretrain,0,,
968,6,target_test,0,target_test/even/digit_0968.png,c183b3adb959aad4fedcafa45df7ae95c71135b7c149d0a318594fe37929a91e
969,6,unused,0,,
970,4,pretrain,0,,
971,9,unused,1,,
972,1,pretrain,1,,
973,5,pretrain,1,,
974,0,pretrain,0,,
975,9,pretrain,1,,
976,5,pretrain,1,,
977,2,pretrain,0,,
978,8,pretrain,0,,
979,2,target_train,0,target_train/even/digit_0979.png,1b100496299709454339ec8b5f6344ac6a05ceb91d7b21b8bd1807f1cae27399
980,0,unused,0,,
981,0,target_test,0,target_test/even/digit_0981.png,cf00ba2bf9d63a00be5f11d6ffe31ba7aa59d576ef7730acefba7a850223bc13
982,1,pretrain,1,,
983,7,target_test,1,target_test/odd/digit_0983.png,e17a0c12396a5f4a1e1a7eca798fc205bf6e4ba8837539b20f1f64b2813e6e37
984,6,unused,0,,
985,3,target_train,1,target_train/odd/digit_0985.png,c874c1da0c790db89c45026d411bd3caf085918285b09ea505f561a19ce00e8b
986,2,pretrain,0,,
987,1,pretrain,1,,
988,4,unused,0,,
989,6,pretrain,0,,
990,3,target_train,1,target_train/odd/digit_0990.png,64cb39e3934c90e2abafbaea5c303c904253e3b764c00bd3af8b3a7589cf72af
991,1,pretrain,1,,
992,3,pretrain,1,,
993,9,target_test,1,target_test/odd/digit_0993.png,ba1ef022003ac170faa624ff7aa37adab9a90c010b1e049758e6bdfe1f7c027e
994,1,unused,1,,
995,7,pretrain,1,,
996,6,pretrain,0,,
997,8,unused,0,,
998,4,pretrain,0,,
999,3,unused,1,,
1000,1,target_train,1,target_train/odd/digit_1000.png,5d84685be8fbdd25295e4199ee10d99c781eabaaa22b65b08843ac67df05134f
1001,4,pretrain,0,,
1002,0,target_train,0,target_train/even/digit_1002.png,e46dc8f5d9c3442c518bae3831cb6cadc341b9b71277b098396eeb08ad590127
1003,5,pretrain,1,,
1004,3,pretrain,1,,
1005,6,target_test,0,target_test/even/digit_1005.png,ebb4783946406b19637f7acb9e1a26551d7eb3f35a271ec9223597eb015ae030
1006,9,pretrain,1,,
1007,6,target_test,0,target_test/even/digit_1007.png,325d7919c1ae663d553272f714d013256c5bf1c9661c06b7a7312fcdf6d406d5
1008,1,pretrain,1,,
1009,7,pretrain,1,,
1010,5,pretrain,1,,
1011,4,pretrain,0,,
1012,4,pretrain,0,,
1013,7,pretrain,1,,
1014,2,pretrain,0,,
1015,8,pretrain,0,,
1016,2,pretrain,0,,
1017,2,target_test,0,target_test/even/digit_1017.png,11abee556aee7ffbdebdc21b645ad38ce8fb103ad50da57290a53a0631dfbab4
1018,5,pretrain,1,,
1019,7,pretrain,1,,
1020,9,unused,1,,
1021,5,unused,1,,
1022,4,target_test,0,target_test/even/digit_1022.png,ded822080dddab43760c014989731a564d21f348dd33d1621a94b4a0cb3401e9
1023,4,unused,0,,
1024,9,pretrain,1,,
1025,0,unused,0,,
1026,8,target_test,0,target_test/even/digit_1026.png,ba1ce93a89308672a64519fd95c6c3b9c19f6cb22f3aa360cf22e894294c5c1d
1027,9,pretrain,1,,
1028,8,pretrain,0,,
1029,0,pretrain,0,,
1030,1,pretrain,1,,
1031,2,pretrain,0,,
1032,3,unused,1,,
1033,4,target_train,0,target_train/even/digit_1033.png,992325f7249f380229bab7ffed0ec6ffdea6f595af23ccbaa3e5006c3aa41da5
1034,5,pretrain,1,,
1035,6,unused,0,,
1036,7,unused,1,,
1037,8,pretrain,0,,
1038,9,target_test,1,target_test/odd/digit_1038.png,cd5645f65edf26a2084b55ab4cd1249c5c4ddbbb58d824213bceeff728462f81
1039,0,target_test,0,target_test/even/digit_1039.png,c10ee8eba4a8aaa6d430699a2bc92322e63166c4c3cad75fc98aa017d3de3764
1040,1,pretrain,1,,
1041,2,unused,0,,
1042,3,pretrain,1,,
1043,4,unused,0,,
1044,5,target_train,1,target_train/odd/digit_1044.png,102c4be0d601b11bad28686c249a63e4f3e9cbd717a904c7df9d0922d88f4bd5
1045,6,pretrain,0,,
1046,7,pretrain,1,,
1047,8,target_test,0,target_test/even/digit_1047.png,4fe2fc351a3808db611126f2ee21b4f92fbc0b022172442eb137022899500784
1048,9,pretrain,1,,
1049,0,unused,0,,
1050,1,unused,1,,
1051,2,unused,0,,
1052,3,unused,1,,
1053,4,pretrain,0,,
1054,5,unused,1,,
1055,6,pretrain,0,,
1056,7,pretrain,1,,
1057,8,unused,0,,
1058,9,unused,1,,
1059,0,pretrain,0,,
1060,9,pretrain,1,,
1061,5,pretrain,1,,
1062,5,pretrain,1,,
1063,6,pretrain,0,,
1064,5,pretrain,1,,
1065,0,pretrain,0,,
1066,9,pretrain,1,,
1067,8,pretrain,0,,
1068,9,pretrain,1,,
1069,8,unused,0,,
1070,4,pretrain,0,,
1071,1,pretrain,1,,
1072,7,pretrain,1,,
1073,7,target_train,1,target_train/odd/digit_1073.png,8ade2468a57bb51248c0a21cd0e813b25e081582854ba7edf84a590d01db5b1b
1074,3,pretrain,1,,
1075,5,unused,1,,
1076,1,unused,1,,
1077,0,target_test,0,target_test/even/digit_1077.png,c49e0651189e50db7718cf9f889f399d144d4166ce223de5f856d032615a9c4c
1078,0,target_test,0,target_test/even/digit_1078.png,8b61fcb1dad42b4340c9e6e875004c09b0d794df381db3615e3bff0fe64e4ae8
1079,7,pretrain,1,,
1080,8,pretrain,0,,
1081,2,target_train,0,target_train/even/digit_1081.png,5be36ba084212657a9ed706b3e9858ac986e30d676292ae763fa4e1c34a671e9
1082,0,target_test,0,target_test/even/digit_1082.png,5b90dfe239f781f3672f066d6ac1a0d01ea85948002c05b049facd632e3d58fe
1083,1,pretrain,1,,
1084,2,pretrain,0,,
1085,6,target_test,0,target_test/even/digit_1085.png,b81af3149c2fb47941b29606640a0cbca10e190d04e25c432c993e35896328ba
1086,3,pretrain,1,,
1087,3,pretrain,1,,
1088,7,pretrain,1,,
1089,3,unused,1,,
1090,3,pretrain,1,,
1091,4,pretrain,0,,
1092,6,unused,0,,
1093,6,pretrain,0,,
1094,6,pretrain,0,,
1095,4,target_train,0,target_train/even/digit_1095.png,ad5d9148f4c93d807001fcd660c45ea724db557fbaeaa929ec1cf7e0c06b0e21
1096,9,pretrain,1,,
1097,1,target_test,1,target_test/odd/digit_1097.png,2434306e4555e5d58eb7a4838a6cbf8c2a712d193100d042b1c1255332066294
1098,5,pretrain,1,,
1099,0,target_test,0,target_test/even/digit_1099.png,01f407ee145c7a2d20a0944434f8b0fe0d394bd588f5b626627447baaceeaf7a
1100,9,unused,1,,
1101,5,pretrain,1,,
1102,2,target_test,0,target_test/even/digit_1102.png,54975c088228c5a1354ad66f5989e120f88799e68181f1f5624643cc355b7384
1103,8,unused,0,,
1104,2,pretrain,0,,
1105,0,pretrain,0,,
1106,0,pretrain,0,,
1107,1,unused,1,,
1108,7,unused,1,,
1109,6,unused,0,,
1110,3,pretrain,1,,
1111,2,pretrain,0,,
1112,1,pretrain,1,,
1113,7,pretrain,1,,
1114,4,pretrain,0,,
1115,6,unused,0,,
1116,3,pretrain,1,,
1117,1,unused,1,,
1118,3,target_test,1,target_test/odd/digit_1118.png,4f8a035e9e2290ab72b665ea460e49385a1bbc13dfb3d0d2ff3763646ebf8dbe
1119,9,pretrain,1,,
1120,1,unused,1,,
1121,7,pretrain,1,,
1122,6,target_train,0,target_train/even/digit_1122.png,4ddc5eab9fc48919ff51bd93fc9259d0e56154b7f9b221e5bee7a65da70d7d32
1123,8,pretrain,0,,
1124,4,target_test,0,target_test/even/digit_1124.png,d292bf110d6d8f4d2308785e5cf6d37760ae176a024fc1f4e9ffaab00400aa24
1125,3,unused,1,,
1126,1,unused,1,,
1127,4,pretrain,0,,
1128,0,pretrain,0,,
1129,5,pretrain,1,,
1130,3,target_test,1,target_test/odd/digit_1130.png,a135f83acf11164c791d20d2060f192e1095778793faef160e4c4503f72c65c2
1131,6,unused,0,,
1132,9,unused,1,,
1133,6,pretrain,0,,
1134,1,target_train,1,target_train/odd/digit_1134.png,73b1d123ea9af276d2bc6043dc946f7513a56e7801e446b8199a07b1d21a3d96
1135,7,pretrain,1,,
1136,5,pretrain,1,,
1137,4,pretrain,0,,
1138,4,pretrain,0,,
1139,7,pretrain,1,,
1140,2,unused,0,,
1141,8,pretrain,0,,
1142,2,unused,0,,
1143,2,pretrain,0,,
1144,5,pretrain,1,,
1145,7,unused,1,,
1146,9,pretrain,1,,
1147,5,pretrain,1,,
1148,4,pretrain,0,,
1149,8,unused,0,,
1150,8,pretrain,0,,
1151,4,target_test,0,target_test/even/digit_1151.png,6f2bfee468349e5f889770dcfe2a162627d99d63fd8f75e4febf4c2a9a376890
1152,9,target_test,1,target_test/odd/digit_1152.png,0f0a79c986d448aec56048b7afcb8f58602eb841cc279ebfc70a8b63408775e1
1153,0,unused,0,,
1154,8,pretrain,0,,
1155,9,unused,1,,
1156,8,pretrain,0,,
1157,0,target_train,0,target_train/even/digit_1157.png,3ca30261f5260cfe2987fa213b58da09d9cda0b398cb5aea26bb1830a2225a4d
1158,1,pretrain,1,,
1159,2,pretrain,0,,
1160,3,pretrain,1,,
1161,4,target_test,0,target_test/even/digit_1161.png,fe571f36d314fcccfaeb815a271513160ec392bede92f5916fe94e4262b6f3b0
1162,5,unused,1,,
1163,6,pretrain,0,,
1164,7,pretrain,1,,
1165,8,unused,0,,
1166,9,unused,1,,
1167,0,unused,0,,
1168,1,unused,1,,
1169,2,pretrain,0,,
1170,3,unused,1,,
1171,4,pretrain,0,,
1172,5,pretrain,1,,
1173,6,pretrain,0,,
1174,7,pretrain,1,,
1175,8,pretrain,0,,
1176,9,pretrain,1,,
1177,0,target_test,0,target_test/even/digit_1177.png,bac604626927a84c7ca1c6fef8291f3dbbdcb0dcc125a1a54a1a814c2551a3e4
1178,1,pretrain,1,,
1179,2,pretrain,0,,
1180,3,unused,1,,
1181,4,pretrain,0,,
1182,5,pretrain,1,,
1183,6,pretrain,0,,
1184,7,pretrain,1,,
1185,8,unused,0,,
1186,9,pretrain,1,,
1187,0,pretrain,0,,
1188,9,pretrain,1,,
1189,5,pretrain,1,,
1190,5,unused,1,,
1191,6,pretrain,0,,
1192,5,unused,1,,
1193,0,unused,0,,
1194,9,unused,1,,
1195,8,pretrain,0,,
1196,9,pretrain,1,,
1197,8,target_test,0,target_test/even/digit_1197.png,99b867e8d343bef8df44e056b7bb98bfc9a2f7e8ae85af5974c67541edcd9b1f
1198,4,unused,0,,
1199,1,target_test,1,target_test/odd/digit_1199.png,6d90f85df623caf83edbdb6a81c2f1dfde9b58d4fa612adb9a14b5e7fb644571
1200,7,unused,1,,
1201,7,pretrain,1,,
1202,3,target_test,1,target_test/odd/digit_1202.png,d87f9c548b6868ceff7d27297712ec679ae9f117be078382336d73734c5e4e0e
1203,5,target_train,1,target_train/odd/digit_1203.png,3a8905a290b2e8bcba351d69bdf366405e493c40f349d9eac638697d29d28d91
1204,1,unused,1,,
1205,0,pretrain,0,,
1206,0,target_test,0,target_test/even/digit_1206.png,2afe00553b2e0ccf12a2fc9ee939d4780158214d53fe7846acf1b96d03cd4de4
1207,2,target_test,0,target_test/even/digit_1207.png,4371f5caa1f9b6ded96a4a6b0e802ff54ee364ae9c0d2e31946b461b9d507951
1208,2,pretrain,0,,
1209,7,pretrain,1,,
1210,8,target_train,0,target_train/even/digit_1210.png,aaa5ef72aeb121f0a53bc2487b3c1df14d4d467478ab8fc4cdeee9c1a29faef9
1211,2,unused,0,,
1212,0,target_test,0,target_test/even/digit_1212.png,0e38d170c111e064d90384a147a2352196e616c0481f2866ceadfbbfc2744eab
1213,1,unused,1,,
1214,2,unused,0,,
1215,6,pretrain,0,,
1216,3,target_test,1,target_test/odd/digit_1216.png,16bc4440011becf618ef9a06203d916c943fc80507252790caa7d6d31299463f
1217,3,target_train,1,target_train/odd/digit_1217.png,4f2ca82f6d19a420c936b271f850d363df8cfa4afd8dff986ead2e2eb6d472fb
1218,7,unused,1,,
1219,3,unused,1,,
1220,3,pretrain,1,,
1221,4,target_test,0,target_test/even/digit_1221.png,1d69b78c2c39b9b16b96cbf02bff7b9f98d6265fa7d3db4fd2bc7613563a02b3
1222,6,pretrain,0,,
1223,6,unused,0,,
1224,6,pretrain,0,,
1225,4,pretrain,0,,
1226,9,unused,1,,
1227,1,target_train,1,target_train/odd/digit_1227.png,961159af2e7d0179a960f23f393d9588118a8394cc8f9727f7d158c02ed0f2e6
1228,5,target_test,1,target_test/odd/digit_1228.png,2c74f6b4f91f752fc82760c8fed4979781a8ba4927e6495803a0a92aa79c837a
1229,0,pretrain,0,,
1230,9,unused,1,,
1231,5,pretrain,1,,
1232,2,pretrain,0,,
1233,8,pretrain,0,,
1234,2,pretrain,0,,
1235,0,target_test,0,target_test/even/digit_1235.png,30cd7f649d89a3074694323d4e1be6815986cb10aa00f6419f0a5e759d8254ac
1236,0,pretrain,0,,
1237,1,unused,1,,
1238,7,pretrain,1,,
1239,6,unused,0,,
1240,3,unused,1,,
1241,2,unused,0,,
1242,1,target_test,1,target_test/odd/digit_1242.png,4d92ca407346a2c005219c5ef5c9a2742936ec7987948cd5b253a35249eb041b
1243,7,pretrain,1,,
1244,4,target_test,0,target_test/even/digit_1244.png,d1221d9f50f0d9b295dc54c1d187cdcc98b09039d366c88851910d00828e8e47
1245,6,pretrain,0,,
1246,3,unused,1,,
1247,1,pretrain,1,,
1248,3,pretrain,1,,
1249,9,pretrain,1,,
1250,1,pretrain,1,,
1251,7,pretrain,1,,
1252,6,pretrain,0,,
1253,8,pretrain,0,,
1254,4,unused,0,,
1255,3,unused,1,,
1256,1,pretrain,1,,
1257,4,pretrain,0,,
1258,0,pretrain,0,,
1259,5,unused,1,,
1260,3,unused,1,,
1261,6,pretrain,0,,
1262,9,unused,1,,
1263,6,target_train,0,target_train/even/digit_1263.png,a91bcda1ba0a5c67cbb3f1600c204973fc8c10859bdd38c18cb582c20ee30e91
1264,1,unused,1,,
1265,7,pretrain,1,,
1266,5,pretrain,1,,
1267,4,unused,0,,
1268,4,pretrain,0,,
1269,7,unused,1,,
1270,2,pretrain,0,,
1271,8,pretrain,0,,
1272,2,target_test,0,target_test/even/digit_1272.png,fcf42e3f946755ce36dd702f7b73a3bbc7e695823021e654ce7d2205f42770ad
1273,2,pretrain,0,,
1274,5,pretrain,1,,
1275,7,pretrain,1,,
1276,9,pretrain,1,,
1277,5,pretrain,1,,
1278,4,target_test,0,target_test/even/digit_1278.png,df791b73f1a05a340c0fd9ad5a8e8df48280e33d21c7cd36659996f92c1ff8cd
1279,8,target_test,0,target_test/even/digit_1279.png,1d38e766131a54fb2cc5dede99a8a403c8bb83791fd70663f670ab9b27121c43
1280,8,target_train,0,target_train/even/digit_1280.png,907c37aee1d1f6b712394e285ac942a3c80f03b50d5c43dc14f0ff240bada51e
1281,4,unused,0,,
1282,9,pretrain,1,,
1283,0,pretrain,0,,
1284,8,pretrain,0,,
1285,9,target_test,1,target_test/odd/digit_1285.png,c1625595350595bcfe235552cf99b72200254573ae3f9ffd04c6ef99da3f492f
1286,8,pretrain,0,,
1287,0,unused,0,,
1288,1,pretrain,1,,
1289,2,unused,0,,
1290,3,pretrain,1,,
1291,4,pretrain,0,,
1292,5,target_test,1,target_test/odd/digit_1292.png,c3b83f2702240c506815bd339f0a67c631fdf7c0d3c3f3ae515d49e4ba315530
1293,6,pretrain,0,,
1294,7,pretrain,1,,
1295,8,unused,0,,
1296,9,target_test,1,target_test/odd/digit_1296.png,ba85e07964e85f6a2202502a96f654bf7afde081d83607f6723a59b1f6202435
1297,0,pretrain,0,,
1298,1,unused,1,,
1299,2,pretrain,0,,
1300,3,unused,1,,
1301,4,pretrain,0,,
1302,5,pretrain,1,,
1303,6,target_test,0,target_test/even/digit_1303.png,e72fea8f84817a8e3624c368c9124793312f0f10b7dff243fa33b2b962f63e02
1304,7,unused,1,,
1305,8,pretrain,0,,
1306,9,pretrain,1,,
1307,0,unused,0,,
1308,1,pretrain,1,,
1309,2,pretrain,0,,
1310,3,pretrain,1,,
1311,4,pretrain,0,,
1312,5,pretrain,1,,
1313,6,pretrain,0,,
1314,7,target_test,1,target_test/odd/digit_1314.png,f2eec86f475c620ae8b61cf4e68ab4a8e6de07fd8b4b36ec39a37110ba18c3c7
1315,8,target_train,0,target_train/even/digit_1315.png,9c2013d7205a8d1a9df2970d7a24f0c96d04a3051f5c2b0d4cc1c049b435b82e
1316,9,unused,1,,
1317,0,pretrain,0,,
1318,9,target_test,1,target_test/odd/digit_1318.png,e0501b0ff700b5053ac81b738b1a10bd65f76241fb0e5a75012c66d7c08e3edd
1319,5,target_test,1,target_test/odd/digit_1319.png,0b0d44208b6d4ddcc55f46da8bddb8cf39ca394f83cc09e4e8d0af3e165fd145
1320,5,pretrain,1,,
1321,6,pretrain,0,,
1322,5,unused,1,,
1323,0,pretrain,0,,
1324,9,pretrain,1,,
1325,8,unused,0,,
1326,9,unused,1,,
1327,8,pretrain,0,,
1328,4,pretrain,0,,
1329,1,pretrain,1,,
1330,7,pretrain,1,,
1331,7,pretrain,1,,
1332,3,pretrain,1,,
1333,5,target_test,1,target_test/odd/digit_1333.png,017290203eda74bea58d46623aeabfda57688bd55095352cd72cdb2140f6ae18
1334,1,pretrain,1,,
1335,0,unused,0,,
1336,0,pretrain,0,,
1337,2,pretrain,0,,
1338,2,unused,0,,
1339,7,pretrain,1,,
1340,8,pretrain,0,,
1341,2,pretrain,0,,
1342,0,pretrain,0,,
1343,1,pretrain,1,,
1344,2,unused,0,,
1345,6,pretrain,0,,
1346,3,pretrain,1,,
1347,3,pretrain,1,,
1348,7,target_test,1,target_test/odd/digit_1348.png,b2231cc6c5266a661c6b6a8489eee6a0ff26c08ded50e36bcd75eba0c081ec02
1349,3,pretrain,1,,
1350,3,pretrain,1,,
1351,4,pretrain,0,,
1352,6,unused,0,,
1353,6,unused,0,,
1354,6,pretrain,0,,
1355,4,target_test,0,target_test/even/digit_1355.png,d4402bd695624384aeb7573e201d84c2a5fe2f23200c655704f4fe827ca6bb24
1356,9,pretrain,1,,
1357,1,unused,1,,
1358,5,unused,1,,
1359,0,pretrain,0,,
1360,9,target_test,1,target_test/odd/digit_1360.png,ce5b89930a957619ecf2c5f2a89c50f9740d440a8720eccf8922a9459b95605f
1361,5,unused,1,,
1362,2,pretrain,0,,
1363,8,target_train,0,target_train/even/digit_1363.png,7c7bbf8b2efdbc2c958c5f64ed81ceab1b0f74a2740b79145bf5f099cd288aeb
1364,2,unused,0,,
1365,0,pretrain,0,,
1366,0,target_train,0,target_train/even/digit_1366.png,1beb5045aedae8cf29fa1ea8d8c649ec33212b29f3a7da3a92d9fb649f64980d
1367,1,pretrain,1,,
1368,7,unused,1,,
1369,6,pretrain,0,,
1370,3,pretrain,1,,
1371,2,pretrain,0,,
1372,1,unused,1,,
1373,7,unused,1,,
1374,4,pretrain,0,,
1375,6,unused,0,,
1376,3,pretrain,1,,
1377,1,unused,1,,
1378,3,target_test,1,target_test/odd/digit_1378.png,ec3005670c112d06b3efa762e7bb67ecb437f09ea3887e1497a5302e3a7e6e2a
1379,9,pretrain,1,,
1380,1,unused,1,,
1381,7,pretrain,1,,
1382,6,unused,0,,
1383,8,pretrain,0,,
1384,4,unused,0,,
1385,3,pretrain,1,,
1386,1,pretrain,1,,
1387,4,unused,0,,
1388,0,pretrain,0,,
1389,5,pretrain,1,,
1390,3,pretrain,1,,
1391,6,unused,0,,
1392,9,pretrain,1,,
1393,6,unused,0,,
1394,1,unused,1,,
1395,7,unused,1,,
1396,5,pretrain,1,,
1397,4,pretrain,0,,
1398,4,unused,0,,
1399,7,pretrain,1,,
1400,2,pretrain,0,,
1401,8,pretrain,0,,
1402,2,pretrain,0,,
1403,2,target_test,0,target_test/even/digit_1403.png,d2f7d4bbf79bd7f2df793ed7e47bf26b1ec99075d8a86dc9d888a9ae93df9051
1404,5,pretrain,1,,
1405,7,pretrain,1,,
1406,9,pretrain,1,,
1407,5,pretrain,1,,
1408,4,pretrain,0,,
1409,8,target_test,0,target_test/even/digit_1409.png,8a44208fa1d8baad68d6e4252b6c8f9c7a4d0218a85f8434faec38737e97ce26
1410,8,pretrain,0,,
1411,4,pretrain,0,,
1412,9,pretrain,1,,
1413,0,unused,0,,
1414,8,unused,0,,
1415,0,pretrain,0,,
1416,1,unused,1,,
1417,2,pretrain,0,,
1418,3,pretrain,1,,
1419,4,pretrain,0,,
1420,5,pretrain,1,,
1421,6,pretrain,0,,
1422,7,unused,1,,
1423,8,pretrain,0,,
1424,9,pretrain,1,,
1425,0,target_train,0,target_train/even/digit_1425.png,9febcb6ae9d7d10ce8ade51d98542a38b8bfde98262d5ed560e2e79592e2c235
1426,1,unused,1,,
1427,2,pretrain,0,,
1428,3,target_train,1,target_train/odd/digit_1428.png,722f764dec3532c409c0a0675e16a326302e9c7c9e31bbc2ee5fed1a71a58b78
1429,4,pretrain,0,,
1430,5,pretrain,1,,
1431,6,pretrain,0,,
1432,7,pretrain,1,,
1433,8,unused,0,,
1434,9,pretrain,1,,
1435,0,pretrain,0,,
1436,1,pretrain,1,,
1437,2,unused,0,,
1438,3,unused,1,,
1439,4,unused,0,,
1440,5,target_train,1,target_train/odd/digit_1440.png,f56eca9e47882c3658607b9e8aa6ee74ce26cbcf07e02632a7ceb630526620cc
1441,6,target_train,0,target_train/even/digit_1441.png,f0c836fe44cf691d214e8d78c0d5949cc5e9c709e42637517f7fac4a38640892
1442,7,unused,1,,
1443,8,pretrain,0,,
1444,9,pretrain,1,,
1445,0,pretrain,0,,
1446,9,pretrain,1,,
1447,5,pretrain,1,,
1448,5,pretrain,1,,
1449,6,unused,0,,
1450,5,pretrain,1,,
1451,0,unused,0,,
1452,9,pretrain,1,,
1453,8,pretrain,0,,
1454,9,pretrain,1,,
1455,8,pretrain,0,,
1456,4,pretrain,0,,
1457,1,unused,1,,
1458,7,unused,1,,
1459,7,pretrain,1,,
1460,3,unused,1,,
1461,5,pretrain,1,,
1462,1,pretrain,1,,
1463,0,pretrain,0,,
1464,0,pretrain,0,,
1465,2,pretrain,0,,
1466,2,unused,0,,
1467,7,pretrain,1,,
1468,8,pretrain,0,,
1469,2,target_test,0,target_test/even/digit_1469.png,996a2673200b8aaaaef8a9c390a32f7d27683f845754ee3f3fb5fe26a1095668
1470,0,unused,0,,
1471,1,pretrain,1,,
1472,2,unused,0,,
1473,6,target_train,0,target_train/even/digit_1473.png,e117bde52f551a00672297f0a0c51b080c7ac84bdb901166bde94a64ec7c60f9
1474,3,target_train,1,target_train/odd/digit_1474.png,d89661c6556c194bcfd540710d919ba5def63fd691caa128322b44c40394ae9c
1475,3,pretrain,1,,
1476,7,pretrain,1,,
1477,3,pretrain,1,,
1478,3,pretrain,1,,
1479,4,pretrain,0,,
1480,6,target_test,0,target_test/even/digit_1480.png,ff3867cdabbcf2480c8ae3cc2f7e5a504bf53526a77332d5d164a39d2074489f
1481,6,target_test,0,target_test/even/digit_1481.png,b93971c488684ba03151c343f1dbd17d5e2d486e234f266c9f3fe7d19e01b652
1482,6,pretrain,0,,
1483,4,unused,0,,
1484,9,pretrain,1,,
1485,1,pretrain,1,,
1486,5,pretrain,1,,
1487,0,target_test,0,target_test/even/digit_1487.png,4d23250a8d9b843157de81e000e8eca832d8e340ad65df7d1d9171dbf55a45ff
1488,9,pretrain,1,,
1489,5,unused,1,,
1490,2,pretrain,0,,
1491,8,target_train,0,target_train/even/digit_1491.png,a93c8c4823dfde375f2a2220e22af09227c4c32a7e97a221fb3f7cba0fde18c7
1492,2,target_train,0,target_train/even/digit_1492.png,fa3b559570a60b9376c57447fb139b607ed6e54da1243a7da99d271979a90413
1493,0,unused,0,,
1494,0,pretrain,0,,
1495,1,pretrain,1,,
1496,7,pretrain,1,,
1497,6,unused,0,,
1498,3,pretrain,1,,
1499,2,pretrain,0,,
1500,1,target_test,1,target_test/odd/digit_1500.png,d0fe9fe16598def9fc7e06c1b6c22509c23653688304fb7a56a99948b18816b4
1501,7,pretrain,1,,
1502,4,target_train,0,target_train/even/digit_1502.png,d97f382785f162ecbe8dca3c6e9bdde07b7fff10ccb188d6c14c27f1ca290be6
1503,6,unused,0,,
1504,3,target_test,1,target_test/odd/digit_1504.png,a2a33232d9f5126480b2a375ba09b14f41c1b80c8e69f5dac0a7bae73f1b42c3
1505,1,unused,1,,
1506,3,pretrain,1,,
1507,9,target_train,1,target_train/odd/digit_1507.png,e27657b5f950a9eaed507b7cb781b261b8b0acc8c54ed0c6efe40ce76d1a4114
1508,1,target_test,1,target_test/odd/digit_1508.png,4da06b8b1a5e1bc8095186b33388e1e9d0f76dd56d9a95e42e7062889477d6e7
1509,7,unused,1,,
1510,6,pretrain,0,,
1511,8,pretrain,0,,
1512,4,pretrain,0,,
1513,3,target_train,1,target_train/odd/digit_1513.png,fd1294fe566f26ca8222e2963b16e9ae516de698656c72010ebac5b527ae04ff
1514,1,unused,1,,
1515,4,pretrain,0,,
1516,0,unused,0,,
1517,5,pretrain,1,,
1518,3,pretrain,1,,
1519,6,pretrain,0,,
1520,9,target_test,1,target_test/odd/digit_1520.png,82f4ee7ca22f1e83f1d398ecf3d7368d97d3fc37d20bfa58b3adddb820e11c4e
1521,6,unused,0,,
1522,1,pretrain,1,,
1523,7,unused,1,,
1524,5,unused,1,,
1525,4,unused,0,,
1526,4,pretrain,0,,
1527,7,pretrain,1,,
1528,2,target_test,0,target_test/even/digit_1528.png,7b4674a0a571bbaf6b7a3bc963e8a222f77ef52bb4d0efbac207ffa98d3a65fc
1529,8,unused,0,,
1530,2,target_test,0,target_test/even/digit_1530.png,b72bb29a1f9c68a89bba40b8aea6139f89478d6ed81567287a15d045c87f3394
1531,2,pretrain,0,,
1532,5,target_train,1,target_train/odd/digit_1532.png,fe927681e1964c9ddcd76e5f99264034ed446e33f72c8443bc41058de18561bc
1533,7,pretrain,1,,
1534,9,pretrain,1,,
1535,5,target_train,1,target_train/odd/digit_1535.png,a42c6223048bcd24e880157cf19559c555b85704f34b83aed2c0d82342e191c5
1536,4,pretrain,0,,
1537,8,unused,0,,
1538,8,pretrain,0,,
1539,4,unused,0,,
1540,9,pretrain,1,,
1541,0,pretrain,0,,
1542,8,pretrain,0,,
1543,9,pretrain,1,,
1544,8,unused,0,,
1545,0,pretrain,0,,
1546,1,target_test,1,target_test/odd/digit_1546.png,32bd9bb8ecf21d30128f78eb9e14e7fb4827cb7a9d591d122c71a66b4a6bddbe
1547,2,pretrain,0,,
1548,3,pretrain,1,,
1549,4,pretrain,0,,
1550,5,unused,1,,
1551,6,pretrain,0,,
1552,7,target_train,1,target_train/odd/digit_1552.png,3ea9d844fd6bf1916420e5f6e6cda578b02ede66826564dba0ca87ac42dff3c1
1553,8,pretrain,0,,
1554,9,unused,1,,
1555,0,pretrain,0,,
1556,1,pretrain,1,,
1557,2,unused,0,,
1558,3,unused,1,,
1559,4,pretrain,0,,
1560,5,pretrain,1,,
1561,6,pretrain,0,,
1562,9,unused,1,,
1563,0,pretrain,0,,
1564,1,pretrain,1,,
1565,2,pretrain,0,,
1566,3,pretrain,1,,
1567,4,unused,0,,
1568,5,pretrain,1,,
1569,6,unused,0,,
1570,7,pretrain,1,,
1571,8,target_test,0,target_test/even/digit_1571.png,8983b5c0b7bca9d4bc85ad43e465f8d0c033d1c7ad934a38b7ad9e66e61607bd
1572,9,target_train,1,target_train/odd/digit_1572.png,c21ba12df719443adea0faa518be1b80f99a640d9c63fddd56b55df78e0e8f7d
1573,0,pretrain,0,,
1574,9,target_train,1,target_train/odd/digit_1574.png,c2a1a6332fc96024c69587530a97b16af409a8215d8b53513d8fdec41794e4fb
1575,5,unused,1,,
1576,5,target_test,1,target_test/odd/digit_1576.png,e55e2a2e42bc73fcb40051ac5108ebe0439ea2ea7170a13c3922e75d38aa871f
1577,6,target_test,0,target_test/even/digit_1577.png,ee2be914ecce3d9af768b607317a811d3ffd11924cc5e16fa5ea8ca2dcd10e16
1578,5,pretrain,1,,
1579,0,target_test,0,target_test/even/digit_1579.png,32f960e14d63cee3385d0be24de329dd0401aff89a9df15a3201ef09d28bd87d
1580,9,pretrain,1,,
1581,8,unused,0,,
1582,9,pretrain,1,,
1583,8,pretrain,0,,
1584,4,pretrain,0,,
1585,1,unused,1,,
1586,7,pretrain,1,,
1587,7,unused,1,,
1588,3,pretrain,1,,
1589,5,unused,1,,
1590,1,pretrain,1,,
1591,0,unused,0,,
1592,0,pretrain,0,,
1593,2,target_train,0,target_train/even/digit_1593.png,f972368ee6ce984e54307278368b25d6e5855ab1e37fa2d81a6c8afdf15b7251
1594,2,pretrain,0,,
1595,7,pretrain,1,,
1596,8,unused,0,,
1597,2,unused,0,,
1598,0,pretrain,0,,
1599,1,pretrain,1,,
1600,2,pretrain,0,,
1601,6,pretrain,0,,
1602,3,unused,1,,
1603,3,pretrain,1,,
1604,7,unused,1,,
1605,3,pretrain,1,,
1606,3,pretrain,1,,
1607,4,target_test,0,target_test/even/digit_1607.png,5c99081be78c6f3526fa9c190e5cffbe603c3f1ee325532808d9720916b06c91
1608,6,pretrain,0,,
1609,6,target_train,0,target_train/even/digit_1609.png,510fa07c270e158143a1eff776e80fea99d7fcdb48c344c9bfadade249866c6c
1610,6,pretrain,0,,
1611,4,pretrain,0,,
1612,9,unused,1,,
1613,1,pretrain,1,,
1614,5,pretrain,1,,
1615,0,pretrain,0,,
1616,9,pretrain,1,,
1617,5,pretrain,1,,
1618,2,target_train,0,target_train/even/digit_1618.png,25191df2298f7ea38b9c73f09b57b7134602cbc0d94c89cdc62f10e19988fdfa
1619,8,pretrain,0,,
1620,0,unused,0,,
1621,1,unused,1,,
1622,7,pretrain,1,,
1623,6,pretrain,0,,
1624,3,pretrain,1,,
1625,2,pretrain,0,,
1626,1,pretrain,1,,
1627,7,unused,1,,
1628,4,unused,0,,
1629,6,unused,0,,
1630,3,pretrain,1,,
1631,1,target_train,1,target_train/odd/digit_1631.png,7b40e191170d25698fdef00944480f0cb6f656b53357fabbb9aac8b23469034a
1632,3,pretrain,1,,
1633,9,pretrain,1,,
1634,1,pretrain,1,,
1635,7,unused,1,,
1636,6,pretrain,0,,
1637,8,pretrain,0,,
1638,4,pretrain,0,,
1639,3,unused,1,,
1640,1,pretrain,1,,
1641,4,unused,0,,
1642,0,pretrain,0,,
1643,5,unused,1,,
1644,3,pretrain,1,,
1645,6,pretrain,0,,
1646,9,pretrain,1,,
1647,6,unused,0,,
1648,1,unused,1,,
1649,7,pretrain,1,,
1650,5,pretrain,1,,
1651,4,pretrain,0,,
1652,4,pretrain,0,,
1653,7,pretrain,1,,
1654,2,target_train,0,target_train/even/digit_1654.png,cd17f83de262a9d2bebb86f003f4b9574d294651f5b63826424f50a53fc17840
1655,2,target_test,0,target_test/even/digit_1655.png,bf2dcf15a7c70036d764b699902eba16b9e1ba99a76e03fe03959d3cb6d776c9
1656,5,pretrain,1,,
1657,7,pretrain,1,,
1658,9,target_train,1,target_train/odd/digit_1658.png,4c0c657a2323501d876058e1e60cb2b899d3d5019443ac9de2a2479db76834c4
1659,5,pretrain,1,,
1660,4,pretrain,0,,
1661,4,target_test,0,target_test/even/digit_1661.png,ceb1ea72b2e06bd7ec71631229097f0279427ea43e264de5da0a022bc9f94317
1662,9,pretrain,1,,
1663,0,unused,0,,
1664,8,unused,0,,
1665,9,pretrain,1,,
1666,8,pretrain,0,,
1667,0,pretrain,0,,
1668,1,unused,1,,
1669,2,unused,0,,
1670,3,pretrain,1,,
1671,4,pretrain,0,,
1672,5,pretrain,1,,
1673,6,target_train,0,target_train/even/digit_1673.png,58e88103be95901f37e550bc696e1ab55371ebfcccc151f99d4379c63f0d33d5
1674,7,unused,1,,
1675,8,unused,0,,
1676,9,pretrain,1,,
1677,0,pretrain,0,,
1678,1,unused,1,,
1679,2,target_test,0,target_test/even/digit_1679.png,185f3b0a2c5bfcfb16f0790bd4647c9f52463d2c1bf8230b564b5c5044ab7f1c
1680,3,pretrain,1,,
1681,4,pretrain,0,,
1682,5,target_test,1,target_test/odd/digit_1682.png,67f6d26477f5cdb4cbfc32ef33553224b6e8ce1e6e770276ce1b0db30bd4621a
1683,6,unused,0,,
1684,7,pretrain,1,,
1685,8,target_test,0,target_test/even/digit_1685.png,df839a92351fd2f5c2bcf592fe74973057dc796a1016b89dabd21c176958053b
1686,9,pretrain,1,,
1687,0,pretrain,0,,
1688,1,pretrain,1,,
1689,2,unused,0,,
1690,3,pretrain,1,,
1691,4,unused,0,,
1692,5,pretrain,1,,
1693,6,pretrain,0,,
1694,7,target_train,1,target_train/odd/digit_1694.png,1d16e682acd3ed58d7c3f60a1bb8e55e0cd47e17fa87afc11d68c966c449ad9c
1695,8,pretrain,0,,
1696,9,pretrain,1,,
1697,0,unused,0,,
1698,9,pretrain,1,,
1699,5,target_train,1,target_train/odd/digit_1699.png,e6ddaa4800b907f96341ecf435717aaade85764a811aa5c9d13371ffe8b00aea
1700,5,pretrain,1,,
1701,6,target_train,0,target_train/even/digit_1701.png,701f7328966fff59d9248f6e847558dd4e2b0c2a949e14d024ce174f8cf6fe16
1702,5,unused,1,,
1703,0,pretrain,0,,
1704,9,target_train,1,target_train/odd/digit_1704.png,ee4f6aa511a7fb0a5966b60dc308eb9dc8ff69e5b79b2b3e8e4008f08a68eae9
1705,8,pretrain,0,,
1706,9,pretrain,1,,
1707,8,pretrain,0,,
1708,4,target_test,0,target_test/even/digit_1708.png,b4351e0d9eb680527fbbfb99a6ecdb6d64bf0d8d7c168c43362649f6852cbcea
1709,1,pretrain,1,,
1710,7,pretrain,1,,
1711,7,pretrain,1,,
1712,3,target_train,1,target_train/odd/digit_1712.png,2465bed04e2cf1f4f4526cb0cda28cdedbc67bfac9308a2fb38f2ba845bf290d
1713,5,unused,1,,
1714,1,pretrain,1,,
1715,0,unused,0,,
1716,0,pretrain,0,,
1717,2,pretrain,0,,
1718,2,pretrain,0,,
1719,7,target_test,1,target_test/odd/digit_1719.png,6d56cdc72afa67f2c457dde13ecb25b5fc716e59841929ae0141ca450abffb1b
1720,8,pretrain,0,,
1721,2,pretrain,0,,
1722,0,unused,0,,
1723,1,unused,1,,
1724,2,pretrain,0,,
1725,6,pretrain,0,,
1726,3,target_test,1,target_test/odd/digit_1726.png,ff76262e90fdfcfe8229606321b017fa13a4bf0078d9cb61770d7e328496eb47
1727,3,target_test,1,target_test/odd/digit_1727.png,a3068a2632ee8a1ea3f4c419380b2629f7659611fcd7b8d8f83afbe811c14c7d
1728,7,unused,1,,
1729,3,unused,1,,
1730,3,unused,1,,
1731,4,unused,0,,
1732,6,pretrain,0,,
1733,6,pretrain,0,,
1734,6,target_test,0,target_test/even/digit_1734.png,4e3f5eceee253f4533ff34a74f9b480524289c036212361b8721f61630dda5a7
1735,4,target_train,0,target_train/even/digit_1735.png,fa1cd82f3d3e566a7173831db2147ef3b6616a233e9723341ea66a0cb972e480
1736,9,unused,1,,
1737,1,pretrain,1,,
1738,5,target_test,1,target_test/odd/digit_1738.png,8fe92b441095b1cc450d5e2496aa7d65e802763110e7acccb60f8e12ccdcd1f1
1739,0,pretrain,0,,
1740,9,unused,1,,
1741,5,unused,1,,
1742,2,unused,0,,
1743,8,unused,0,,
1744,2,unused,0,,
1745,0,unused,0,,
1746,0,pretrain,0,,
1747,1,pretrain,1,,
1748,7,unused,1,,
1749,6,target_test,0,target_test/even/digit_1749.png,bc1e7c4dd09f873c7e692608d5c35ce72ee1a866b6839d15f700c4c1e5a837f4
1750,3,pretrain,1,,
1751,2,pretrain,0,,
1752,1,unused,1,,
1753,7,pretrain,1,,
1754,4,target_test,0,target_test/even/digit_1754.png,8d7064aed82833dd96ee5f4134f90c3cf431ab6381a62e79d6e2aeb03ab46cac
1755,6,pretrain,0,,
1756,3,pretrain,1,,
1757,1,unused,1,,
1758,3,pretrain,1,,
1759,9,unused,1,,
1760,1,target_test,1,target_test/odd/digit_1760.png,e2f76723904678dbd9ab64a16740f5bddbb26bf5777f7de3a59f5c6cdeebb616
1761,7,pretrain,1,,
1762,6,target_test,0,target_test/even/digit_1762.png,997f12f6aa72744a43ab690b5cd8ab2899fdd0e1755b17085d28b9f8b5a4d065
1763,8,pretrain,0,,
1764,4,unused,0,,
1765,3,pretrain,1,,
1766,1,pretrain,1,,
1767,4,pretrain,0,,
1768,0,pretrain,0,,
1769,5,target_train,1,target_train/odd/digit_1769.png,93742017354ec0d3fbf4373fad1a88d216a182fa3af6441bb1b1b17d682e157e
1770,3,pretrain,1,,
1771,6,pretrain,0,,
1772,9,pretrain,1,,
1773,6,target_test,0,target_test/even/digit_1773.png,55d4a606e33f262655633159628536d4dd8cb001600354b032acbd49c44286ef
1774,1,pretrain,1,,
1775,7,pretrain,1,,
1776,5,target_test,1,target_test/odd/digit_1776.png,b0406f239bc911f63993cc32a1fa63bed2cefeeeca8d31b27171b771c668ae08
1777,4,pretrain,0,,
1778,4,pretrain,0,,
1779,7,unused,1,,
1780,2,pretrain,0,,
1781,8,pretrain,0,,
1782,2,unused,0,,
1783,2,pretrain,0,,
1784,5,pretrain,1,,
1785,7,pretrain,1,,
1786,9,unused,1,,
1787,5,target_test,1,target_test/odd/digit_1787.png,be6afdef2fc15ed52a8361655d5747270b9b4d6c6ac95bbe329e93052fa042e9
1788,4,pretrain,0,,
1789,8,pretrain,0,,
1790,8,pretrain,0,,
1791,4,pretrain,0,,
1792,9,pretrain,1,,
1793,0,unused,0,,
1794,8,unused,0,,
1795,9,target_test,1,target_test/odd/digit_1795.png,bc8384a191af9d602bd6faf9f863928fb64419c625315006f34f72f508b9bbe0
1796,8,target_test,0,target_test/even/digit_1796.png,d8cb59c573d1dc414f97d38e9404bdcb26db4c3574f404ce562fea6d5d08720a
