step,w,loss,gradient
0,9.0,37.0,12.0
1,6.6,13.959999999999997,7.199999999999999
2,5.16,5.6656,4.32
3,4.296,2.6796160000000007,2.5920000000000005
4,3.7776,1.6046617600000002,1.5552000000000001
5,3.46656,1.2176782335999998,0.9331199999999997
6,3.2799359999999997,1.0783641640959998,0.5598719999999995
7,3.1679616,1.0282110990745599,0.33592319999999987
8,3.10077696,1.0101559956668416,0.20155392000000028
9,3.0604661760000003,1.003656158440063,0.12093235200000052
10,3.0362797056,1.0013162170384227,0.07255941120000031
11,3.0217678233600003,1.0004738381338323,0.04353564672000054
12,3.013060694016,1.0001705817281796,0.026121388032000148
