sample_id,sepal_length_cm,sepal_width_cm,petal_length_cm,petal_width_cm,target
iris-000,5.1,3.5,1.4,0.2,0
iris-001,4.9,3.0,1.4,0.2,0
iris-002,4.7,3.2,1.3,0.2,0
iris-003,4.6,3.1,1.5,0.2,0
iris-004,5.0,3.6,1.4,0.2,0
iris-005,5.4,3.9,1.7,0.4,0
iris-006,4.6,3.4,1.4,0.3,0
iris-007,5.0,3.4,1.5,0.2,0
iris-008,4.4,2.9,1.4,0.2,0
iris-009,4.9,3.1,1.5,0.1,0
iris-010,5.4,3.7,1.5,0.2,0
iris-011,4.8,3.4,1.6,0.2,0
iris-012,4.8,3.0,1.4,0.1,0
iris-013,4.3,3.0,1.1,0.1,0
iris-014,5.8,4.0,1.2,0.2,0
iris-015,5.7,4.4,1.5,0.4,0
iris-016,5.4,3.9,1.3,0.4,0
iris-017,5.1,3.5,1.4,0.3,0
iris-018,5.7,3.8,1.7,0.3,0
iris-019,5.1,3.8,1.5,0.3,0
iris-020,5.4,3.4,1.7,0.2,0
iris-021,5.1,3.7,1.5,0.4,0
iris-022,4.6,3.6,1.0,0.2,0
iris-023,5.1,3.3,1.7,0.5,0
iris-024,4.8,3.4,1.9,0.2,0
iris-025,5.0,3.0,1.6,0.2,0
iris-026,5.0,3.4,1.6,0.4,0
iris-027,5.2,3.5,1.5,0.2,0
iris-028,5.2,3.4,1.4,0.2,0
iris-029,4.7,3.2,1.6,0.2,0
iris-030,4.8,3.1,1.6,0.2,0
iris-031,5.4,3.4,1.5,0.4,0
iris-032,5.2,4.1,1.5,0.1,0
iris-033,5.5,4.2,1.4,0.2,0
iris-034,4.9,3.1,1.5,0.2,0
iris-035,5.0,3.2,1.2,0.2,0
iris-036,5.5,3.5,1.3,0.2,0
iris-037,4.9,3.6,1.4,0.1,0
iris-038,4.4,3.0,1.3,0.2,0
iris-039,5.1,3.4,1.5,0.2,0
iris-040,5.0,3.5,1.3,0.3,0
iris-041,4.5,2.3,1.3,0.3,0
iris-042,4.4,3.2,1.3,0.2,0
iris-043,5.0,3.5,1.6,0.6,0
iris-044,5.1,3.8,1.9,0.4,0
iris-045,4.8,3.0,1.4,0.3,0
iris-046,5.1,3.8,1.6,0.2,0
iris-047,4.6,3.2,1.4,0.2,0
iris-048,5.3,3.7,1.5,0.2,0
iris-049,5.0,3.3,1.4,0.2,0
iris-050,7.0,3.2,4.7,1.4,1
iris-051,6.4,3.2,4.5,1.5,1
iris-052,6.9,3.1,4.9,1.5,1
iris-053,5.5,2.3,4.0,1.3,1
iris-054,6.5,2.8,4.6,1.5,1
iris-055,5.7,2.8,4.5,1.3,1
iris-056,6.3,3.3,4.7,1.6,1
iris-057,4.9,2.4,3.3,1.0,1
iris-058,6.6,2.9,4.6,1.3,1
iris-059,5.2,2.7,3.9,1.4,1
iris-060,5.0,2.0,3.5,1.0,1
iris-061,5.9,3.0,4.2,1.5,1
iris-062,6.0,2.2,4.0,1.0,1
iris-063,6.1,2.9,4.7,1.4,1
iris-064,5.6,2.9,3.6,1.3,1
iris-065,6.7,3.1,4.4,1.4,1
iris-066,5.6,3.0,4.5,1.5,1
iris-067,5.8,2.7,4.1,1.0,1
iris-068,6.2,2.2,4.5,1.5,1
iris-069,5.6,2.5,3.9,1.1,1
iris-070,5.9,3.2,4.8,1.8,1
iris-071,6.1,2.8,4.0,1.3,1
iris-072,6.3,2.5,4.9,1.5,1
iris-073,6.1,2.8,4.7,1.2,1
iris-074,6.4,2.9,4.3,1.3,1
iris-075,6.6,3.0,4.4,1.4,1
iris-076,6.8,2.8,4.8,1.4,1
iris-077,6.7,3.0,5.0,1.7,1
iris-078,6.0,2.9,4.5,1.5,1
iris-079,5.7,2.6,3.5,1.0,1
iris-080,5.5,2.4,3.8,1.1,1
iris-081,5.5,2.4,3.7,1.0,1
iris-082,5.8,2.7,3.9,1.2,1
iris-083,6.0,2.7,5.1,1.6,1
iris-084,5.4,3.0,4.5,1.5,1
iris-085,6.0,3.4,4.5,1.6,1
iris-086,6.7,3.1,4.7,1.5,1
iris-087,6.3,2.3,4.4,1.3,1
iris-088,5.6,3.0,4.1,1.3,1
iris-089,5.5,2.5,4.0,1.3,1
iris-090,5.5,2.6,4.4,1.2,1
iris-091,6.1,3.0,4.6,1.4,1
iris-092,5.8,2.6,4.0,1.2,1
iris-093,5.0,2.3,3.3,1.0,1
iris-094,5.6,2.7,4.2,1.3,1
iris-095,5.7,3.0,4.2,1.2,1
iris-096,5.7,2.9,4.2,1.3,1
iris-097,6.2,2.9,4.3,1.3,1
iris-098,5.1,2.5,3.0,1.1,1
iris-099,5.7,2.8,4.1,1.3,1
iris-100,6.3,3.3,6.0,2.5,2
iris-101,5.8,2.7,5.1,1.9,2
iris-102,7.1,3.0,5.9,2.1,2
iris-103,6.3,2.9,5.6,1.8,2
iris-104,6.5,3.0,5.8,2.2,2
iris-105,7.6,3.0,6.6,2.1,2
iris-106,4.9,2.5,4.5,1.7,2
iris-107,7.3,2.9,6.3,1.8,2
iris-108,6.7,2.5,5.8,1.8,2
iris-109,7.2,3.6,6.1,2.5,2
iris-110,6.5,3.2,5.1,2.0,2
iris-111,6.4,2.7,5.3,1.9,2
iris-112,6.8,3.0,5.5,2.1,2
iris-113,5.7,2.5,5.0,2.0,2
iris-114,5.8,2.8,5.1,2.4,2
iris-115,6.4,3.2,5.3,2.3,2
iris-116,6.5,3.0,5.5,1.8,2
iris-117,7.7,3.8,6.7,2.2,2
iris-118,7.7,2.6,6.9,2.3,2
iris-119,6.0,2.2,5.0,1.5,2
iris-120,6.9,3.2,5.7,2.3,2
iris-121,5.6,2.8,4.9,2.0,2
iris-122,7.7,2.8,6.7,2.0,2
iris-123,6.3,2.7,4.9,1.8,2
iris-124,6.7,3.3,5.7,2.1,2
iris-125,7.2,3.2,6.0,1.8,2
iris-126,6.2,2.8,4.8,1.8,2
iris-127,6.1,3.0,4.9,1.8,2
iris-128,6.4,2.8,5.6,2.1,2
iris-129,7.2,3.0,5.8,1.6,2
iris-130,7.4,2.8,6.1,1.9,2
iris-131,7.9,3.8,6.4,2.0,2
iris-132,6.4,2.8,5.6,2.2,2
iris-133,6.3,2.8,5.1,1.5,2
iris-134,6.1,2.6,5.6,1.4,2
iris-135,7.7,3.0,6.1,2.3,2
iris-136,6.3,3.4,5.6,2.4,2
iris-137,6.4,3.1,5.5,1.8,2
iris-138,6.0,3.0,4.8,1.8,2
iris-139,6.9,3.1,5.4,2.1,2
iris-140,6.7,3.1,5.6,2.4,2
iris-141,6.9,3.1,5.1,2.3,2
iris-142,5.8,2.7,5.1,1.9,2
iris-143,6.8,3.2,5.9,2.3,2
iris-144,6.7,3.3,5.7,2.5,2
iris-145,6.7,3.0,5.2,2.3,2
iris-146,6.3,2.5,5.0,1.9,2
iris-147,6.5,3.0,5.2,2.0,2
iris-148,6.2,3.4,5.4,2.3,2
iris-149,5.9,3.0,5.1,1.8,2
