sample_id,split
iris-008,train
iris-106,train
iris-076,train
iris-009,train
iris-089,train
iris-146,train
iris-094,train
iris-133,train
iris-135,train
iris-117,train
iris-105,train
iris-078,train
iris-060,train
iris-067,train
iris-092,train
iris-029,train
iris-019,train
iris-108,train
iris-137,train
iris-031,train
iris-072,train
iris-046,train
iris-131,train
iris-025,train
iris-081,train
iris-103,train
iris-111,train
iris-026,train
iris-121,train
iris-040,train
iris-021,train
iris-071,train
iris-091,train
iris-015,train
iris-139,train
iris-148,train
iris-079,train
iris-059,train
iris-144,train
iris-070,train
iris-006,train
iris-050,train
iris-016,train
iris-130,train
iris-001,train
iris-017,train
iris-101,train
iris-035,train
iris-041,train
iris-012,train
iris-045,train
iris-064,train
iris-100,train
iris-055,train
iris-000,train
iris-149,train
iris-099,train
iris-136,train
iris-047,train
iris-142,train
iris-036,train
iris-053,train
iris-113,train
iris-024,train
iris-083,train
iris-090,train
iris-122,train
iris-066,train
iris-054,train
iris-115,train
iris-039,train
iris-023,train
iris-004,train
iris-119,train
iris-082,train
iris-129,train
iris-080,train
iris-145,train
iris-123,train
iris-085,train
iris-034,train
iris-114,train
iris-068,train
iris-043,train
iris-120,train
iris-032,train
iris-109,train
iris-098,train
iris-086,train
iris-030,train
iris-097,train
iris-110,train
iris-044,train
iris-013,train
iris-124,train
iris-118,train
iris-112,train
iris-087,train
iris-126,train
iris-005,train
iris-143,train
iris-096,train
iris-125,train
iris-102,train
iris-048,train
iris-074,train
iris-073,train
iris-095,train
iris-088,train
iris-065,train
iris-027,train
iris-128,train
iris-062,train
iris-061,train
iris-011,train
iris-037,train
iris-002,train
iris-033,train
iris-052,train
iris-003,train
iris-038,test
iris-127,test
iris-057,test
iris-093,test
iris-042,test
iris-056,test
iris-022,test
iris-020,test
iris-147,test
iris-084,test
iris-107,test
iris-141,test
iris-104,test
iris-051,test
iris-007,test
iris-049,test
iris-014,test
iris-069,test
iris-063,test
iris-138,test
iris-010,test
iris-140,test
iris-058,test
iris-134,test
iris-132,test
iris-077,test
iris-075,test
iris-018,test
iris-116,test
iris-028,test
