epoch,train_loss,train_accuracy
1,1.6118324995040894,0.691
2,0.7066081762313843,0.764
3,0.3314651846885681,0.906
4,0.24587269127368927,0.917
5,0.1917540282011032,0.943
6,0.1298259198665619,0.959
7,0.10632684826850891,0.973
8,0.09158280491828918,0.975
9,0.08540651202201843,0.977
10,0.06444304436445236,0.981
11,0.04914310574531555,0.987
12,0.04188774153590202,0.994
13,0.0496358685195446,0.983
14,0.03404127061367035,0.995
15,0.036761779338121414,0.99
16,0.021065523847937584,0.997
17,0.015782704576849937,0.998
18,0.016780661419034004,0.998
19,0.015164532698690891,0.998
20,0.026652177795767784,0.994
21,0.012074996717274189,0.997
22,0.009423206560313702,0.998
23,0.009737449698150158,0.998
24,0.01175924576818943,0.999
25,0.010678907856345177,1.0
26,0.012757077813148499,0.998
27,0.0070908754132688046,1.0
28,0.004951839335262775,1.0
29,0.0042038834653794765,1.0
30,0.0060418033972382545,1.0
