mode,epoch,train_loss,train_accuracy
scratch,1,0.6780534982681274,0.5
scratch,2,0.6350181698799133,0.775
scratch,3,0.6129769682884216,0.5416666666666666
scratch,4,0.5199835896492004,0.8
scratch,5,0.43071943521499634,0.85
scratch,6,0.366505891084671,0.825
scratch,7,0.30850526690483093,0.8583333333333333
scratch,8,0.2917690873146057,0.875
scratch,9,0.35312944650650024,0.8416666666666667
scratch,10,0.2552925944328308,0.9083333333333333
scratch,11,0.23612205684185028,0.9083333333333333
scratch,12,0.31645631790161133,0.8333333333333334
scratch,13,0.2102104276418686,0.925
scratch,14,0.22239278256893158,0.9083333333333333
scratch,15,0.1825210452079773,0.95
scratch,16,0.1684236079454422,0.95
scratch,17,0.15402700006961823,0.95
scratch,18,0.1384233981370926,0.9666666666666667
scratch,19,0.1298040896654129,0.9666666666666667
scratch,20,0.11609291285276413,0.9666666666666667
frozen,1,0.7470276951789856,0.65
frozen,2,0.5043185353279114,0.7083333333333334
frozen,3,0.34749647974967957,0.8333333333333334
frozen,4,0.3120429813861847,0.9
frozen,5,0.2766745388507843,0.8833333333333333
frozen,6,0.26373809576034546,0.8916666666666667
frozen,7,0.24920637905597687,0.925
frozen,8,0.24090924859046936,0.9166666666666666
frozen,9,0.23504303395748138,0.925
frozen,10,0.2353150099515915,0.9083333333333333
frozen,11,0.22517678141593933,0.925
frozen,12,0.22260922193527222,0.9333333333333333
frozen,13,0.21860271692276,0.9166666666666666
frozen,14,0.21755094826221466,0.925
frozen,15,0.21505965292453766,0.9333333333333333
frozen,16,0.213673934340477,0.9333333333333333
frozen,17,0.20990131795406342,0.9333333333333333
frozen,18,0.205866739153862,0.9416666666666667
frozen,19,0.2047690451145172,0.9416666666666667
frozen,20,0.2033282220363617,0.9416666666666667
fine_tune,1,0.7470276951789856,0.65
fine_tune,2,0.5043185353279114,0.7083333333333334
fine_tune,3,0.34749647974967957,0.8333333333333334
fine_tune,4,0.3120429813861847,0.9
fine_tune,5,0.2766745388507843,0.8833333333333333
fine_tune,6,0.26373809576034546,0.8916666666666667
fine_tune,7,0.24920637905597687,0.925
fine_tune,8,0.24090924859046936,0.9166666666666666
fine_tune,9,0.23504303395748138,0.925
fine_tune,10,0.2353150099515915,0.9083333333333333
fine_tune,11,0.23881365358829498,0.9
fine_tune,12,0.2149602472782135,0.9166666666666666
fine_tune,13,0.21943677961826324,0.9416666666666667
fine_tune,14,0.1959143579006195,0.925
fine_tune,15,0.18674255907535553,0.9333333333333333
fine_tune,16,0.180624321103096,0.9416666666666667
fine_tune,17,0.17137812077999115,0.9333333333333333
fine_tune,18,0.16352730989456177,0.9333333333333333
fine_tune,19,0.15640941262245178,0.9416666666666667
fine_tune,20,0.14977234601974487,0.9416666666666667
