sample_id,x,y,split,prediction
0,-1.0,-0.9847641587257385,train,-1.0041756629943848
1,-0.949999988079071,-0.9519991874694824,test,-0.9036986827850342
2,-0.8999999761581421,-0.7624773979187012,train,-0.8032218217849731
3,-0.8500000238418579,-0.6529718041419983,train,-0.7027449607849121
4,-0.800000011920929,-0.6975517868995667,train,-0.6022680997848511
5,-0.75,-0.5651089549064636,test,-0.5017911195755005
6,-0.699999988079071,-0.3936079442501068,train,-0.4013141393661499
7,-0.6499999761581421,-0.3158120810985565,train,-0.30083727836608887
8,-0.6000000238418579,-0.20084010064601898,train,-0.20036041736602783
9,-0.550000011920929,-0.1426522135734558,train,-0.0998835563659668
10,-0.5,0.04396989941596985,test,0.0005934238433837891
11,-0.44999998807907104,0.1388896256685257,train,0.1010703444480896
12,-0.4000000059604645,0.20330151915550232,train,0.20154720544815063
13,-0.3499999940395355,0.35636207461357117,train,0.3020241856575012
14,-0.30000001192092896,0.4233754277229309,train,0.40250104665756226
15,-0.25,0.4570353627204895,train,0.5029779672622681
16,-0.20000000298023224,0.6184375882148743,train,0.6034548282623291
17,-0.15000000596046448,0.6520558595657349,train,0.7039318084716797
18,-0.10000000149011612,0.84392249584198,train,0.8044086694717407
19,-0.05000000074505806,0.897503674030304,train,0.9048855900764465
20,0.0,0.9907568693161011,train,1.0053625106811523
21,0.05000000074505806,1.0659534931182861,train,1.1058393716812134
22,0.10000000149011612,1.2611271142959595,test,1.206316351890564
23,0.15000000596046448,1.2922735214233398,train,1.306793212890625
24,0.20000000298023224,1.378583550453186,train,1.4072701930999756
25,0.25,1.4823932647705078,train,1.5077470541000366
26,0.30000001192092896,1.6266155242919922,test,1.6082239151000977
27,0.3499999940395355,1.7182722091674805,train,1.7087008953094482
28,0.4000000059604645,1.8206366300582886,train,1.8091778755187988
29,0.44999998807907104,1.9215409755706787,test,1.9096546173095703
30,0.5,2.1070823669433594,train,2.010131597518921
31,0.550000011920929,2.079679250717163,test,2.1106085777282715
32,0.6000000238418579,2.1743879318237305,test,2.211085319519043
33,0.6499999761581421,2.2593111991882324,train,2.3115622997283936
34,0.699999988079071,2.4307990074157715,train,2.412039279937744
35,0.75,2.5564486980438232,train,2.5125160217285156
36,0.800000011920929,2.5943024158477783,train,2.6129932403564453
37,0.8500000238418579,2.657992124557495,test,2.713469982147217
38,0.8999999761581421,2.7587759494781494,train,2.8139467239379883
39,0.949999988079071,2.9325296878814697,train,2.914423704147339
40,1.0,3.0371627807617188,train,3.0149006843566895
