sample_id,source_row,make,engine_size,curb_weight,horsepower,price
auto-189,190,volkswagen,109,2254,90.0,11595.0
auto-039,40,honda,110,2304,86.0,8845.0
auto-025,26,dodge,90,1989,68.0,6692.0
auto-148,149,subaru,108,2420,82.0,8013.0
auto-147,148,subaru,108,2455,94.0,10198.0
auto-030,31,honda,92,1713,58.0,6479.0
auto-020,21,chevrolet,90,1909,70.0,6575.0
auto-175,176,toyota,122,2414,92.0,9988.0
auto-133,134,saab,121,2695,110.0,12170.0
auto-121,122,plymouth,90,1989,68.0,6692.0
auto-059,60,mazda,122,2385,84.0,8845.0
auto-005,6,audi,136,2507,110.0,15250.0
auto-125,126,porsche,151,2778,143.0,22018.0
auto-116,117,peugot,152,3252,95.0,17950.0
auto-096,97,nissan,97,1971,69.0,7499.0
auto-145,146,subaru,108,2510,111.0,11259.0
auto-098,99,nissan,97,2008,69.0,8249.0
auto-177,178,toyota,122,2458,92.0,11248.0
auto-202,203,volvo,173,3012,134.0,21485.0
auto-174,175,toyota,110,2480,73.0,10698.0
auto-146,147,subaru,108,2290,82.0,7463.0
auto-032,33,honda,79,1837,60.0,5399.0
auto-013,14,bmw,164,2765,121.0,21105.0
auto-036,37,honda,92,2024,76.0,7295.0
auto-118,119,plymouth,90,1918,68.0,5572.0
auto-043,44,isuzu,111,2337,78.0,6785.0
auto-076,77,mitsubishi,92,1918,68.0,5389.0
auto-142,143,subaru,108,2190,82.0,7775.0
auto-141,142,subaru,108,2145,82.0,7126.0
auto-054,55,mazda,91,1950,68.0,7395.0
auto-107,108,peugot,120,3020,97.0,11900.0
auto-167,168,toyota,146,2540,116.0,8449.0
auto-042,43,honda,110,2293,100.0,10345.0
auto-117,118,peugot,134,3130,142.0,18150.0
auto-112,113,peugot,152,3252,95.0,16900.0
auto-027,28,dodge,98,2191,102.0,8558.0
auto-138,139,subaru,97,2050,69.0,5118.0
auto-100,101,nissan,120,2302,97.0,9549.0
auto-171,172,toyota,146,2714,116.0,11549.0
auto-002,3,alfa-romero,152,2823,154.0,16500.0
auto-080,81,mitsubishi,110,2370,116.0,9959.0
auto-049,50,jaguar,326,3950,262.0,36000.0
auto-115,116,peugot,120,3075,97.0,16630.0
auto-191,192,volkswagen,136,2661,110.0,13295.0
auto-144,145,subaru,108,2385,82.0,9233.0
auto-037,38,honda,110,2236,86.0,7895.0
auto-064,65,mazda,122,2425,84.0,11245.0
auto-023,24,dodge,98,2128,102.0,7957.0
auto-168,169,toyota,146,2536,116.0,9639.0
auto-101,102,nissan,181,3095,152.0,13499.0
auto-034,35,honda,92,1956,76.0,7129.0
auto-012,13,bmw,164,2710,121.0,20970.0
auto-199,200,volvo,130,3157,162.0,18950.0
auto-164,165,toyota,98,2204,70.0,8238.0
auto-006,7,audi,136,2844,110.0,17710.0
auto-028,29,dodge,122,2535,88.0,8921.0
auto-192,193,volkswagen,97,2579,68.0,13845.0
auto-004,5,audi,136,2824,115.0,17450.0
auto-033,34,honda,92,1940,76.0,6529.0
auto-103,104,nissan,181,3060,152.0,13499.0
auto-150,151,toyota,92,1985,62.0,5348.0
auto-200,201,volvo,141,2952,114.0,16845.0
auto-149,150,subaru,108,2650,111.0,11694.0
auto-011,12,bmw,108,2395,101.0,16925.0
auto-065,66,mazda,140,2670,120.0,18280.0
auto-120,121,plymouth,90,1967,68.0,6229.0
auto-151,152,toyota,92,2040,62.0,6338.0
auto-000,1,alfa-romero,130,2548,111.0,13495.0
auto-184,185,volkswagen,97,2264,52.0,7995.0
auto-158,159,toyota,110,2275,56.0,7898.0
auto-073,74,mercedes-benz,308,3900,184.0,40960.0
auto-122,123,plymouth,98,2191,68.0,7609.0
auto-067,68,mercedes-benz,183,3515,123.0,25552.0
auto-047,48,jaguar,258,4066,176.0,32250.0
auto-187,188,volkswagen,97,2319,68.0,9495.0
auto-029,30,dodge,156,2811,145.0,12964.0
auto-041,42,honda,110,2465,101.0,12945.0
auto-128,129,porsche,194,2800,207.0,37028.0
auto-160,161,toyota,98,2094,70.0,7738.0
auto-161,162,toyota,98,2122,70.0,8358.0
auto-026,27,dodge,90,1989,68.0,7609.0
auto-024,25,dodge,90,1967,68.0,6229.0
auto-156,157,toyota,98,2081,70.0,6938.0
auto-152,153,toyota,92,2015,62.0,6488.0
auto-084,85,mitsubishi,156,2926,145.0,14489.0
auto-111,112,peugot,120,3075,95.0,15580.0
auto-082,83,mitsubishi,156,2833,145.0,12629.0
auto-087,88,mitsubishi,110,2403,116.0,9279.0
auto-040,41,honda,110,2372,86.0,10295.0
auto-173,174,toyota,122,2326,92.0,8948.0
auto-050,51,mazda,91,1890,68.0,5195.0
auto-097,98,nissan,97,2037,69.0,7999.0
auto-159,160,toyota,110,2275,56.0,7788.0
auto-046,47,isuzu,119,2734,90.0,11048.0
auto-143,144,subaru,108,2340,94.0,9960.0
auto-003,4,audi,109,2337,102.0,13950.0
auto-108,109,peugot,152,3197,95.0,13200.0
auto-056,57,mazda,70,2380,101.0,11845.0
auto-139,140,subaru,108,2120,73.0,7053.0
auto-203,204,volvo,145,3217,106.0,22470.0
auto-162,163,toyota,98,2140,70.0,9258.0
auto-190,191,volkswagen,109,2221,90.0,9980.0
auto-052,53,mazda,91,1905,68.0,6795.0
auto-083,84,mitsubishi,156,2921,145.0,14869.0
auto-035,36,honda,92,2010,76.0,7295.0
auto-007,8,audi,136,2954,110.0,18920.0
auto-113,114,peugot,120,3285,95.0,16695.0
auto-094,95,nissan,97,1951,69.0,7299.0
auto-086,87,mitsubishi,122,2405,88.0,8189.0
auto-181,182,toyota,161,3151,156.0,15750.0
auto-186,187,volkswagen,109,2275,85.0,8495.0
auto-092,93,nissan,97,1938,69.0,6849.0
auto-008,9,audi,131,3086,140.0,23875.0
auto-014,15,bmw,164,3055,121.0,24565.0
auto-062,63,mazda,122,2410,84.0,10245.0
auto-176,177,toyota,122,2414,92.0,10898.0
auto-137,138,saab,121,2847,160.0,18620.0
auto-018,19,chevrolet,61,1488,48.0,5151.0
auto-075,76,mercury,140,2910,175.0,16503.0
auto-180,181,toyota,171,3131,156.0,15690.0
auto-140,141,subaru,108,2240,73.0,7603.0
auto-172,173,toyota,146,2975,116.0,17669.0
auto-188,189,volkswagen,109,2300,100.0,9995.0
auto-066,67,mazda,134,2700,72.0,18344.0
auto-057,58,mazda,70,2385,101.0,13645.0
auto-110,111,peugot,152,3430,95.0,13860.0
auto-053,54,mazda,91,1945,68.0,6695.0
auto-201,202,volvo,141,3049,160.0,19045.0
auto-061,62,mazda,122,2385,84.0,10595.0
auto-051,52,mazda,91,1900,68.0,6095.0
auto-091,92,nissan,97,1918,69.0,6649.0
auto-022,23,dodge,90,1876,68.0,6377.0
auto-060,61,mazda,122,2410,84.0,8495.0
auto-166,167,toyota,98,2300,112.0,9538.0
auto-197,198,volvo,141,3042,114.0,16515.0
auto-135,136,saab,121,2758,110.0,15510.0
auto-038,39,honda,110,2289,86.0,9095.0
auto-163,164,toyota,98,2169,70.0,8058.0
auto-193,194,volkswagen,109,2563,88.0,12290.0
auto-001,2,alfa-romero,130,2548,111.0,16500.0
auto-055,56,mazda,70,2380,101.0,10945.0
auto-155,156,toyota,92,3110,62.0,8778.0
auto-136,137,saab,121,2808,160.0,18150.0
auto-157,158,toyota,98,2109,70.0,7198.0
auto-106,107,nissan,181,3139,160.0,18399.0
auto-102,103,nissan,181,3296,152.0,14399.0
auto-119,120,plymouth,98,2128,102.0,7957.0
auto-090,91,nissan,103,2017,55.0,7099.0
auto-077,78,mitsubishi,92,1944,68.0,6189.0
auto-124,125,plymouth,156,2818,145.0,12764.0
auto-204,205,volvo,141,3062,114.0,22625.0
auto-021,22,dodge,90,1876,68.0,5572.0
auto-194,195,volvo,141,2912,114.0,12940.0
auto-074,75,mercedes-benz,304,3715,184.0,45400.0
auto-109,110,peugot,120,3230,97.0,12440.0
auto-015,16,bmw,209,3230,182.0,30760.0
auto-095,96,nissan,97,2028,69.0,7799.0
auto-185,186,volkswagen,109,2212,85.0,8195.0
auto-105,106,nissan,181,3139,200.0,19699.0
