setting,temperature,top_k,seed,text,stop_reason
sample_t05,0.5,,0,小猫吃鱼。,eos
sample_t05,0.5,,1,小猫吃鱼。,eos
sample_t05,0.5,,2,小猫喝水。,eos
sample_t05,0.5,,3,小猫喝水。,eos
sample_t05,0.5,,4,小猫喝水。,eos
sample_t05,0.5,,5,小猫吃鱼。,eos
sample_t05,0.5,,6,小猫吃鱼。,eos
sample_t05,0.5,,7,小猫吃鱼。,eos
sample_t05,0.5,,8,小猫喝水。,eos
sample_t05,0.5,,9,小猫吃鱼。,eos
sample_t05,0.5,,10,小猫喝水。,eos
sample_t05,0.5,,11,小猫吃鱼。,eos
sample_t10,1.0,,0,小猫吃鱼。,eos
sample_t10,1.0,,1,小猫吃鱼。,eos
sample_t10,1.0,,2,小猫喝水。,eos
sample_t10,1.0,,3,小猫喝水。,eos
sample_t10,1.0,,4,小猫喝水。,eos
sample_t10,1.0,,5,小猫吃鱼。,eos
sample_t10,1.0,,6,小猫吃鱼。,eos
sample_t10,1.0,,7,小猫吃鱼。,eos
sample_t10,1.0,,8,小猫喝水。,eos
sample_t10,1.0,,9,小猫吃鱼。,eos
sample_t10,1.0,,10,小猫喝水。,eos
sample_t10,1.0,,11,小猫吃鱼。,eos
sample_t20,2.0,,0,小猫吃读。,eos
sample_t20,2.0,,1,小猫吃鱼。,eos
sample_t20,2.0,,2,小猫喝水。,eos
sample_t20,2.0,,3,小猫喝水。,eos
sample_t20,2.0,,4,小猫喝水。,eos
sample_t20,2.0,,5,小猫吃鱼我,eos
sample_t20,2.0,,6,小猫吃鱼。,eos
sample_t20,2.0,,7,小猫吃鱼。,eos
sample_t20,2.0,,8,小猫喝水。,eos
sample_t20,2.0,,9,小猫吃鱼。练今天。,eos
sample_t20,2.0,,10,小猫喝水。,eos
sample_t20,2.0,,11,小猫雨鱼。习小读练下我。,eos
sample_t20_top2,2.0,2,0,小猫吃鱼。,eos
sample_t20_top2,2.0,2,1,小猫吃鱼。,eos
sample_t20_top2,2.0,2,2,小猫喝水。,eos
sample_t20_top2,2.0,2,3,小猫喝水。,eos
sample_t20_top2,2.0,2,4,小猫喝水。,eos
sample_t20_top2,2.0,2,5,小猫吃鱼。,eos
sample_t20_top2,2.0,2,6,小猫吃鱼。,eos
sample_t20_top2,2.0,2,7,小猫吃鱼。,eos
sample_t20_top2,2.0,2,8,小猫喝水。,eos
sample_t20_top2,2.0,2,9,小猫吃鱼。,eos
sample_t20_top2,2.0,2,10,小猫喝水。,eos
sample_t20_top2,2.0,2,11,小猫吃鱼。,eos
greedy_t20,2.0,,42,小猫吃鱼。,eos
