epoch,train_loss
0,0.5539245009422302
1,0.4767700135707855
2,0.41133609414100647
3,0.35552117228507996
4,0.30770087242126465
5,0.26659318804740906
6,0.23116713762283325
7,0.20058009028434753
8,0.17413410544395447
9,0.15124474465847015
10,0.13141842186450958
11,0.11423542350530624
12,0.09933710098266602
13,0.08641562610864639
14,0.07520610839128494
15,0.06548009812831879
16,0.05704018473625183
17,0.04971566051244736
18,0.04335866868495941
19,0.03784111514687538
20,0.0330519825220108
21,0.028894998133182526
22,0.025286639109253883
23,0.022154459729790688
24,0.019435584545135498
25,0.017075464129447937
26,0.015026740729808807
27,0.013248327188193798
28,0.011704553849995136
29,0.010364454239606857
30,0.009201152250170708
31,0.008191335014998913
32,0.007314739283174276
33,0.006553790532052517
34,0.005893240682780743
35,0.0053198374807834625
36,0.004822078160941601
37,0.004389993380755186
38,0.004014909267425537
39,0.0036893102806061506
40,0.003406664589419961
41,0.003161308355629444
42,0.0029483202379196882
43,0.0027634326834231615
44,0.0026029441505670547
45,0.002463623182848096
46,0.002342684892937541
47,0.002237702254205942
48,0.0021465690806508064
49,0.0020674564875662327
50,0.001998783787712455
51,0.001939168432727456
52,0.0018874197266995907
53,0.0018424984300509095
54,0.0018035052344202995
55,0.0017696535214781761
56,0.0017402666853740811
57,0.0017147606704384089
58,0.0016926168464124203
59,0.001673394232057035
60,0.0016567085403949022
61,0.0016422233311459422
62,0.0016296502435579896
63,0.0016187356086447835
64,0.0016092619625851512
65,0.0016010355902835727
66,0.0015938953729346395
67,0.0015876975376158953
68,0.0015823197318241
69,0.0015776479849591851
70,0.0015735935885459185
71,0.0015700736548751593
72,0.0015670189168304205
73,0.0015643658116459846
74,0.0015620641643181443
75,0.0015600663609802723
76,0.0015583300264552236
77,0.0015568253584206104
78,0.0015555175486952066
79,0.001554384594783187
80,0.0015533983241766691
81,0.0015525439521297812
82,0.0015518004074692726
83,0.0015511559322476387
84,0.0015505986521020532
85,0.0015501129673793912
86,0.0015496902633458376
87,0.0015493244864046574
88,0.001549007254652679
89,0.001548732165247202
90,0.0015484915347769856
91,0.00154828408267349
92,0.0015481027076020837
93,0.001547947176732123
94,0.001547811203636229
95,0.0015476940898224711
96,0.0015475908294320107
97,0.0015475018881261349
98,0.0015474248211830854
99,0.0015473579987883568
100,0.0015472995582967997
101,0.0015472493832930923
102,0.0015472066588699818
103,0.001547166844829917
104,0.0015471342485398054
105,0.0015471053775399923
106,0.0015470810467377305
107,0.0015470602083951235
108,0.001547040301375091
109,0.0015470230719074607
110,0.0015470113139599562
111,0.001546997344121337
112,0.001546987914480269
113,0.0015469780191779137
114,0.0015469702193513513
115,0.0015469624195247889
116,0.0015469550853595138
117,0.0015469513600692153
118,0.0015469483332708478
119,0.001546944142319262
120,0.0015469396021217108
